TIME	OPEN	CLOSE	HIGH	LOW	VOLUME
1262304000	1.36967	1.36967	1.38165	1.35769	0.0
1262307600	1.36967	1.40132	1.41143	1.35979	0.0
1262311200	1.40132	1.39596	1.40145	1.39582	0.0
1262314800	1.39596	1.37539	1.41003	1.36153	0.0
1262318400	1.37539	1.38381	1.38447	1.37474	0.0
1262322000	1.38381	1.36016	1.3876	1.35644	0.0
1262325600	1.36016	1.3513	1.36836	1.34315	0.0
1262329200	1.3513	1.33948	1.35724	1.33359	0.0
1262332800	1.33948	1.33486	1.34969	1.32469	0.0
1262336400	1.33486	1.33264	1.33719	1.33032	0.0
1262340000	1.33264	1.32757	1.348	1.31227	0.0
1262343600	1.32757	1.33182	1.34158	1.31784	0.0
1262347200	1.33182	1.31464	1.33474	1.31175	0.0
1262350800	1.31464	1.3005	1.31894	1.29624	0.0
1262354400	1.3005	1.28952	1.30303	1.28702	0.0
1262358000	1.28952	1.26278	1.29579	1.25665	0.0
1262361600	1.26278	1.26259	1.27207	1.2533	0.0
1262365200	1.26259	1.24651	1.26623	1.24292	0.0
1262368800	1.24651	1.25172	1.25281	1.24542	0.0
1262372400	1.25172	1.26656	1.27235	1.246	0.0
1262376000	1.26656	1.27444	1.28513	1.25594	0.0
1262379600	1.27444	1.26235	1.27889	1.25794	0.0
1262383200	1.26235	1.27319	1.28201	1.25361	0.0
1262386800	1.27319	1.28905	1.28985	1.27241	0.0
1262390400	1.28905	1.28921	1.29165	1.28661	0.0
1262394000	1.28921	1.29645	1.29996	1.28571	0.0
1262397600	1.29645	1.30503	1.31188	1.28964	0.0
1262401200	1.30503	1.30613	1.31347	1.2977	0.0
1262404800	1.30613	1.27927	1.3141	1.27147	0.0
1262408400	1.27927	1.27765	1.27995	1.27697	0.0
1262412000	1.27765	1.28018	1.28666	1.27118	0.0
1262415600	1.28018	1.2743	1.28086	1.27361	0.0
1262419200	1.2743	1.28357	1.29094	1.26698	0.0
1262422800	1.28357	1.26913	1.2902	1.26257	0.0
1262426400	1.26913	1.27949	1.28484	1.26382	0.0
1262430000	1.27949	1.29907	1.30578	1.27288	0.0
1262433600	1.29907	1.29845	1.30035	1.29716	0.0
1262437200	1.29845	1.29156	1.3056	1.28444	0.0
1262440800	1.29156	1.31905	1.32553	1.28522	0.0
1262444400	1.31905	1.32809	1.34264	1.30461	0.0
1262448000	1.32809	1.30831	1.33318	1.3033	0.0
1262451600	1.30831	1.26603	1.31162	1.26283	0.0
1262455200	1.26603	1.25289	1.27121	1.24776	0.0
1262458800	1.25289	1.22878	1.25963	1.22216	0.0
1262462400	1.22878	1.24123	1.24364	1.22639	0.0
1262466000	1.24123	1.27229	1.27258	1.24095	0.0
1262469600	1.27229	1.28858	1.29581	1.26516	0.0
1262473200	1.28858	1.27761	1.29279	1.27344	0.0
1262476800	1.27761	1.23982	1.2852	1.23246	0.0
1262480400	1.23982	1.22513	1.24242	1.22257	0.0
1262484000	1.22513	1.22744	1.23371	1.21888	0.0
1262487600	1.22744	1.20538	1.2327	1.20022	0.0
1262491200	1.20538	1.20943	1.21675	1.19809	0.0
1262494800	1.20943	1.22112	1.22541	1.20518	0.0
1262498400	1.22112	1.21576	1.23036	1.20656	0.0
1262502000	1.21576	1.20619	1.22525	1.19677	0.0
1262505600	1.20619	1.19881	1.20963	1.19539	0.0
1262509200	1.19881	1.17856	1.20117	1.17624	0.0
1262512800	1.17856	1.17351	1.18096	1.17112	0.0
1262516400	1.17351	1.15102	1.17363	1.1509	0.0
1262520000	1.15102	1.15476	1.16113	1.14468	0.0
1262523600	1.15476	1.14901	1.16581	1.13801	0.0
1262527200	1.14901	1.141	1.14987	1.14014	0.0
1262530800	1.141	1.147	1.16131	1.12676	0.0
1262534400	1.147	1.13881	1.14934	1.13648	0.0
1262538000	1.13881	1.10018	1.14219	1.09691	0.0
1262541600	1.10018	1.09036	1.10123	1.08931	0.0
1262545200	1.09036	1.07535	1.09796	1.06786	0.0
1262548800	1.07535	1.09416	1.09445	1.07506	0.0
1262552400	1.09416	1.10676	1.11373	1.08727	0.0
1262556000	1.10676	1.08873	1.10726	1.08824	0.0
1262559600	1.08873	1.08281	1.09075	1.08081	0.0
1262563200	1.08281	1.0763	1.08318	1.07592	0.0
1262566800	1.0763	1.0855	1.08935	1.07247	0.0
1262570400	1.0855	1.10037	1.10904	1.07694	0.0
1262574000	1.10037	1.12524	1.13622	1.08963	0.0
1262577600	1.12524	1.12604	1.12653	1.12475	0.0
1262581200	1.12604	1.1404	1.14839	1.11815	0.0
1262584800	1.1404	1.13243	1.15152	1.12139	0.0
1262588400	1.13243	1.12333	1.13688	1.11892	0.0
1262592000	1.12333	1.15039	1.16295	1.11106	0.0
1262595600	1.15039	1.14393	1.15091	1.14341	0.0
1262599200	1.14393	1.13641	1.1485	1.13186	0.0
1262602800	1.13641	1.14576	1.15309	1.12914	0.0
1262606400	1.14576	1.1614	1.16991	1.13736	0.0
1262610000	1.1614	1.1613	1.16536	1.15734	0.0
1262613600	1.1613	1.1499	1.16675	1.1445	0.0
1262617200	1.1499	1.12974	1.15365	1.12606	0.0
1262620800	1.12974	1.11886	1.1328	1.11583	0.0
1262624400	1.11886	1.11989	1.12535	1.11341	0.0
1262628000	1.11989	1.11924	1.12422	1.11492	0.0
1262631600	1.11924	1.12163	1.12397	1.11691	0.0
1262635200	1.12163	1.14775	1.16196	1.10774	0.0
1262638800	1.14775	1.18258	1.18834	1.14215	0.0
1262642400	1.18258	1.20202	1.20261	1.18199	0.0
1262646000	1.20202	1.19602	1.20416	1.1939	0.0
1262649600	1.19602	1.20282	1.21326	1.18564	0.0
1262653200	1.20282	1.20594	1.21235	1.19643	0.0
1262656800	1.20594	1.2176	1.22483	1.19878	0.0
1262660400	1.2176	1.22455	1.22482	1.21733	0.0
1262664000	1.22455	1.19349	1.22902	1.18913	0.0
1262667600	1.19349	1.20605	1.21185	1.18774	0.0
1262671200	1.20605	1.18107	1.21046	1.17675	0.0
1262674800	1.18107	1.17619	1.19927	1.15806	0.0
1262678400	1.17619	1.18076	1.18424	1.17272	0.0
1262682000	1.18076	1.19075	1.19861	1.17297	0.0
1262685600	1.19075	1.20587	1.20761	1.18903	0.0
1262689200	1.20587	1.23128	1.23527	1.20196	0.0
1262692800	1.23128	1.24525	1.24977	1.22681	0.0
1262696400	1.24525	1.24806	1.25472	1.2386	0.0
1262700000	1.24806	1.25267	1.25951	1.24125	0.0
1262703600	1.25267	1.25466	1.25916	1.24818	0.0
1262707200	1.25466	1.26117	1.2614	1.25443	0.0
1262710800	1.26117	1.25178	1.26221	1.25076	0.0
1262714400	1.25178	1.23057	1.25614	1.22629	0.0
1262718000	1.23057	1.2299	1.23192	1.22855	0.0
1262721600	1.2299	1.23342	1.25134	1.21203	0.0
1262725200	1.23342	1.20732	1.23663	1.20418	0.0
1262728800	1.20732	1.21783	1.21989	1.20527	0.0
1262732400	1.21783	1.23552	1.23902	1.21438	0.0
1262736000	1.23552	1.22555	1.24114	1.21997	0.0
1262739600	1.22555	1.22061	1.2291	1.21707	0.0
1262743200	1.22061	1.21855	1.22554	1.21363	0.0
1262746800	1.21855	1.20234	1.22316	1.1978	0.0
1262750400	1.20234	1.1804	1.21244	1.17049	0.0
1262754000	1.1804	1.17913	1.19151	1.16803	0.0
1262757600	1.17913	1.16884	1.184	1.16401	0.0
1262761200	1.16884	1.16488	1.17901	1.15475	0.0
1262764800	1.16488	1.17617	1.17618	1.16487	0.0
1262768400	1.17617	1.17788	1.1926	1.16147	0.0
1262772000	1.17788	1.17003	1.18097	1.16697	0.0
1262775600	1.17003	1.16321	1.17149	1.16177	0.0
1262779200	1.16321	1.17441	1.17551	1.16211	0.0
1262782800	1.17441	1.16395	1.1802	1.15821	0.0
1262786400	1.16395	1.14042	1.16505	1.13935	0.0
1262790000	1.14042	1.14007	1.14076	1.13974	0.0
1262793600	1.14007	1.11034	1.15232	1.09841	0.0
1262797200	1.11034	1.11226	1.12521	1.09741	0.0
1262800800	1.11226	1.14014	1.14897	1.10364	0.0
1262804400	1.14014	1.14017	1.14674	1.13356	0.0
1262808000	1.14017	1.14586	1.15268	1.13338	0.0
1262811600	1.14586	1.16706	1.17125	1.14175	0.0
1262815200	1.16706	1.17938	1.17954	1.1669	0.0
1262818800	1.17938	1.19279	1.20729	1.16504	0.0
1262822400	1.19279	1.20975	1.21386	1.18873	0.0
1262826000	1.20975	1.21772	1.21998	1.2075	0.0
1262829600	1.21772	1.22542	1.23199	1.21118	0.0
1262833200	1.22542	1.21529	1.22852	1.21222	0.0
1262836800	1.21529	1.22072	1.22884	1.20721	0.0
1262840400	1.22072	1.22259	1.22304	1.22027	0.0
1262844000	1.22259	1.2076	1.22887	1.2014	0.0
1262847600	1.2076	1.20837	1.21023	1.20575	0.0
1262851200	1.20837	1.18857	1.2095	1.18747	0.0
1262854800	1.18857	1.19089	1.1921	1.18736	0.0
1262858400	1.19089	1.20184	1.21871	1.17417	0.0
1262862000	1.20184	1.18737	1.20348	1.18575	0.0
1262865600	1.18737	1.19531	1.19913	1.18358	0.0
1262869200	1.19531	1.19443	1.1994	1.19033	0.0
1262872800	1.19443	1.20012	1.20187	1.19268	0.0
1262876400	1.20012	1.19862	1.20559	1.19316	0.0
1262880000	1.19862	1.20794	1.21087	1.19571	0.0
1262883600	1.20794	1.22894	1.23163	1.2053	0.0
1262887200	1.22894	1.25357	1.26539	1.21735	0.0
1262890800	1.25357	1.26492	1.27973	1.2389	0.0
1262894400	1.26492	1.2723	1.28217	1.2551	0.0
1262898000	1.2723	1.26334	1.27514	1.26052	0.0
1262901600	1.26334	1.24872	1.26477	1.2473	0.0
1262905200	1.24872	1.27735	1.2807	1.24544	0.0
1262908800	1.27735	1.27313	1.28606	1.26445	0.0
1262912400	1.27313	1.26551	1.2782	1.26047	0.0
1262916000	1.26551	1.28136	1.28891	1.25806	0.0
1262919600	1.28136	1.32841	1.32852	1.28126	0.0
1262923200	1.32841	1.3474	1.35896	1.31701	0.0
1262926800	1.3474	1.34949	1.35189	1.345	0.0
1262930400	1.34949	1.37272	1.3863	1.33613	0.0
1262934000	1.37272	1.37435	1.37899	1.36809	0.0
1262937600	1.37435	1.37305	1.3985	1.34893	0.0
1262941200	1.37305	1.38681	1.38702	1.37284	0.0
1262944800	1.38681	1.39879	1.40724	1.37844	0.0
1262948400	1.39879	1.40913	1.41013	1.39781	0.0
1262952000	1.40913	1.38038	1.41387	1.37574	0.0
1262955600	1.38038	1.37031	1.38899	1.36177	0.0
1262959200	1.37031	1.38013	1.38203	1.36842	0.0
1262962800	1.38013	1.36051	1.39138	1.34941	0.0
1262966400	1.36051	1.33628	1.36083	1.33597	0.0
1262970000	1.33628	1.33661	1.34668	1.32622	0.0
1262973600	1.33661	1.34067	1.35074	1.32658	0.0
1262977200	1.34067	1.33371	1.34641	1.32801	0.0
1262980800	1.33371	1.33187	1.34287	1.32273	0.0
1262984400	1.33187	1.33733	1.34252	1.3267	0.0
1262988000	1.33733	1.33944	1.34182	1.33495	0.0
1262991600	1.33944	1.36249	1.37101	1.33106	0.0
1262995200	1.36249	1.37466	1.3788	1.35839	0.0
1262998800	1.37466	1.36391	1.37783	1.36077	0.0
1263002400	1.36391	1.36124	1.36405	1.3611	0.0
1263006000	1.36124	1.36783	1.37803	1.35108	0.0
1263009600	1.36783	1.38858	1.39262	1.36385	0.0
1263013200	1.38858	1.39715	1.41112	1.3747	0.0
1263016800	1.39715	1.41057	1.41974	1.38806	0.0
1263020400	1.41057	1.42392	1.43614	1.39846	0.0
1263024000	1.42392	1.39747	1.42503	1.39638	0.0
1263027600	1.39747	1.37296	1.40016	1.37032	0.0
1263031200	1.37296	1.37762	1.37803	1.37256	0.0
1263034800	1.37762	1.37027	1.39087	1.3571	0.0
1263038400	1.37027	1.36352	1.39382	1.34009	0.0
1263042000	1.36352	1.36259	1.36624	1.35988	0.0
1263045600	1.36259	1.36056	1.37062	1.35254	0.0
1263049200	1.36056	1.3834	1.38759	1.35644	0.0
1263052800	1.3834	1.3779	1.38632	1.37499	0.0
1263056400	1.3779	1.39954	1.40119	1.37627	0.0
1263060000	1.39954	1.4107	1.42504	1.38531	0.0
1263063600	1.4107	1.39214	1.41074	1.3921	0.0
1263067200	1.39214	1.39617	1.39635	1.39196	0.0
1263070800	1.39617	1.41188	1.41373	1.39434	0.0
1263074400	1.41188	1.38919	1.4134	1.38769	0.0
1263078000	1.38919	1.38351	1.39263	1.38008	0.0
1263081600	1.38351	1.3667	1.38555	1.36469	0.0
1263085200	1.3667	1.36637	1.3814	1.35168	0.0
1263088800	1.36637	1.37606	1.38417	1.35832	0.0
1263092400	1.37606	1.38607	1.39496	1.36724	0.0
1263096000	1.38607	1.37569	1.38889	1.37289	0.0
1263099600	1.37569	1.36046	1.38954	1.34677	0.0
1263103200	1.36046	1.35602	1.36833	1.34818	0.0
1263106800	1.35602	1.34706	1.35864	1.34445	0.0
1263110400	1.34706	1.36707	1.37184	1.34236	0.0
1263114000	1.36707	1.37387	1.38668	1.35432	0.0
1263117600	1.37387	1.37063	1.38688	1.35764	0.0
1263121200	1.37063	1.39372	1.39508	1.36929	0.0
1263124800	1.39372	1.43068	1.43638	1.38816	0.0
1263128400	1.43068	1.438	1.44585	1.42287	0.0
1263132000	1.438	1.39679	1.44248	1.39244	0.0
1263135600	1.39679	1.3773	1.40322	1.37096	0.0
1263139200	1.3773	1.37354	1.37924	1.3716	0.0
1263142800	1.37354	1.38399	1.3879	1.36967	0.0
1263146400	1.38399	1.38304	1.38582	1.38121	0.0
1263150000	1.38304	1.37849	1.39047	1.37108	0.0
1263153600	1.37849	1.38952	1.40502	1.36311	0.0
1263157200	1.38952	1.39445	1.40837	1.37564	0.0
1263160800	1.39445	1.42229	1.42592	1.39089	0.0
1263164400	1.42229	1.37896	1.44214	1.35971	0.0
1263168000	1.37896	1.35824	1.38067	1.35656	0.0
1263171600	1.35824	1.36447	1.3747	1.34805	0.0
1263175200	1.36447	1.35819	1.3723	1.35039	0.0
1263178800	1.35819	1.34475	1.36037	1.3426	0.0
1263182400	1.34475	1.32842	1.35007	1.32316	0.0
1263186000	1.32842	1.30642	1.3292	1.30565	0.0
1263189600	1.30642	1.28828	1.31458	1.28023	0.0
1263193200	1.28828	1.29211	1.29991	1.2805	0.0
1263196800	1.29211	1.29281	1.30596	1.27897	0.0
1263200400	1.29281	1.30305	1.30903	1.28687	0.0
1263204000	1.30305	1.31039	1.32474	1.28879	0.0
1263207600	1.31039	1.30797	1.31676	1.30161	0.0
1263211200	1.30797	1.289	1.31341	1.28365	0.0
1263214800	1.289	1.29916	1.32604	1.26234	0.0
1263218400	1.29916	1.32755	1.3363	1.2906	0.0
1263222000	1.32755	1.31591	1.32942	1.31405	0.0
1263225600	1.31591	1.32449	1.3265	1.31392	0.0
1263229200	1.32449	1.32694	1.33977	1.31168	0.0
1263232800	1.32694	1.33222	1.33327	1.32589	0.0
1263236400	1.33222	1.33537	1.34014	1.32746	0.0
1263240000	1.33537	1.32052	1.34022	1.31572	0.0
1263243600	1.32052	1.32385	1.34072	1.30369	0.0
1263247200	1.32385	1.34626	1.34922	1.32094	0.0
1263250800	1.34626	1.35028	1.35287	1.34368	0.0
1263254400	1.35028	1.3427	1.35253	1.34046	0.0
1263258000	1.3427	1.35196	1.35221	1.34244	0.0
1263261600	1.35196	1.33443	1.3646	1.32195	0.0
1263265200	1.33443	1.33728	1.34768	1.32405	0.0
1263268800	1.33728	1.34679	1.35454	1.32959	0.0
1263272400	1.34679	1.35217	1.35565	1.34332	0.0
1263276000	1.35217	1.33271	1.35392	1.33098	0.0
1263279600	1.33271	1.32899	1.3403	1.32142	0.0
1263283200	1.32899	1.3043	1.34554	1.28805	0.0
1263286800	1.3043	1.30979	1.31235	1.30175	0.0
1263290400	1.30979	1.30074	1.32491	1.28572	0.0
1263294000	1.30074	1.32881	1.32989	1.29968	0.0
1263297600	1.32881	1.33064	1.33522	1.32423	0.0
1263301200	1.33064	1.31705	1.33292	1.31479	0.0
1263304800	1.31705	1.29173	1.32151	1.28735	0.0
1263308400	1.29173	1.26574	1.29544	1.2621	0.0
1263312000	1.26574	1.30878	1.32176	1.25319	0.0
1263315600	1.30878	1.28611	1.31704	1.278	0.0
1263319200	1.28611	1.29155	1.29573	1.28195	0.0
1263322800	1.29155	1.29942	1.30145	1.28954	0.0
1263326400	1.29942	1.30137	1.3044	1.2964	0.0
1263330000	1.30137	1.27911	1.30264	1.27787	0.0
1263333600	1.27911	1.27617	1.28833	1.26697	0.0
1263337200	1.27617	1.25504	1.28458	1.24676	0.0
1263340800	1.25504	1.26543	1.2745	1.24604	0.0
1263344400	1.26543	1.26091	1.26775	1.25859	0.0
1263348000	1.26091	1.24971	1.26374	1.24691	0.0
1263351600	1.24971	1.26089	1.27648	1.23426	0.0
1263355200	1.26089	1.24172	1.26549	1.23719	0.0
1263358800	1.24172	1.27726	1.28346	1.23569	0.0
1263362400	1.27726	1.29231	1.294	1.27559	0.0
1263366000	1.29231	1.28801	1.29441	1.28591	0.0
1263369600	1.28801	1.25494	1.28963	1.25337	0.0
1263373200	1.25494	1.27459	1.27755	1.25203	0.0
1263376800	1.27459	1.27455	1.28218	1.26696	0.0
1263380400	1.27455	1.29306	1.30255	1.26519	0.0
1263384000	1.29306	1.28558	1.29667	1.28199	0.0
1263387600	1.28558	1.28067	1.29049	1.27578	0.0
1263391200	1.28067	1.27661	1.28067	1.27661	0.0
1263394800	1.27661	1.2587	1.28081	1.25456	0.0
1263398400	1.2587	1.25792	1.27327	1.24336	0.0
1263402000	1.25792	1.26461	1.26967	1.25288	0.0
1263405600	1.26461	1.23012	1.26647	1.2283	0.0
1263409200	1.23012	1.24127	1.24386	1.22755	0.0
1263412800	1.24127	1.20667	1.25287	1.1954	0.0
1263416400	1.20667	1.20373	1.2079	1.20251	0.0
1263420000	1.20373	1.19572	1.207	1.19247	0.0
1263423600	1.19572	1.17334	1.20642	1.16283	0.0
1263427200	1.17334	1.17708	1.17809	1.17234	0.0
1263430800	1.17708	1.15108	1.17926	1.14895	0.0
1263434400	1.15108	1.14652	1.15672	1.1409	0.0
1263438000	1.14652	1.13729	1.15143	1.13242	0.0
1263441600	1.13729	1.12855	1.14924	1.1167	0.0
1263445200	1.12855	1.12663	1.14783	1.10738	0.0
1263448800	1.12663	1.11947	1.13418	1.11196	0.0
1263452400	1.11947	1.10407	1.12747	1.09618	0.0
1263456000	1.10407	1.09186	1.1115	1.08452	0.0
1263459600	1.09186	1.11292	1.11987	1.08505	0.0
1263463200	1.11292	1.11859	1.11887	1.11264	0.0
1263466800	1.11859	1.09999	1.13564	1.08323	0.0
1263470400	1.09999	1.08124	1.10484	1.07648	0.0
1263474000	1.08124	1.07781	1.08635	1.07272	0.0
1263477600	1.07781	1.05705	1.07924	1.05566	0.0
1263481200	1.05705	1.03751	1.06011	1.03451	0.0
1263484800	1.03751	1.04737	1.04919	1.0357	0.0
1263488400	1.04737	1.05946	1.06587	1.04103	0.0
1263492000	1.05946	1.06442	1.07242	1.0515	0.0
1263495600	1.06442	1.05803	1.07039	1.0521	0.0
1263499200	1.05803	1.05772	1.06771	1.04804	0.0
1263502800	1.05772	1.05094	1.06644	1.04228	0.0
1263506400	1.05094	1.03028	1.05353	1.02775	0.0
1263510000	1.03028	1.04496	1.04543	1.02982	0.0
1263513600	1.04496	1.06204	1.06386	1.04317	0.0
1263517200	1.06204	1.07222	1.07726	1.05704	0.0
1263520800	1.07222	1.0977	1.10268	1.06735	0.0
1263524400	1.0977	1.0936	1.10573	1.0856	0.0
1263528000	1.0936	1.11093	1.11798	1.08665	0.0
1263531600	1.11093	1.11752	1.12474	1.10374	0.0
1263535200	1.11752	1.10725	1.12132	1.10348	0.0
1263538800	1.10725	1.09179	1.10771	1.09134	0.0
1263542400	1.09179	1.11693	1.13279	1.07628	0.0
1263546000	1.11693	1.11051	1.12154	1.10593	0.0
1263549600	1.11051	1.10697	1.11788	1.09963	0.0
1263553200	1.10697	1.10801	1.1109	1.10409	0.0
1263556800	1.10801	1.09673	1.1136	1.0912	0.0
1263560400	1.09673	1.08715	1.09955	1.08435	0.0
1263564000	1.08715	1.0861	1.09699	1.07627	0.0
1263567600	1.0861	1.08363	1.08753	1.0822	0.0
1263571200	1.08363	1.07382	1.08667	1.0708	0.0
1263574800	1.07382	1.08612	1.08769	1.07226	0.0
1263578400	1.08612	1.08901	1.09514	1.08	0.0
1263582000	1.08901	1.09034	1.09604	1.08331	0.0
1263585600	1.09034	1.07783	1.09065	1.07752	0.0
1263589200	1.07783	1.07681	1.07927	1.07537	0.0
1263592800	1.07681	1.07764	1.08366	1.0708	0.0
1263596400	1.07764	1.06657	1.08176	1.06249	0.0
1263600000	1.06657	1.05957	1.06772	1.05842	0.0
1263603600	1.05957	1.06359	1.07785	1.04536	0.0
1263607200	1.06359	1.05169	1.06879	1.04655	0.0
1263610800	1.05169	1.06178	1.06526	1.04824	0.0
1263614400	1.06178	1.04391	1.06373	1.04199	0.0
1263618000	1.04391	1.00896	1.04687	1.0061	0.0
1263621600	1.00896	1.0012	1.01494	0.99526	0.0
1263625200	1.0012	0.99678	1.0069	0.9911	0.0
1263628800	0.99678	0.99624	1.00028	0.99275	0.0
1263632400	0.99624	1.00621	1.01599	0.98656	0.0
1263636000	1.00621	0.99827	1.00684	0.99765	0.0
1263639600	0.99827	0.99644	1.00163	0.99309	0.0
1263643200	0.99644	0.98417	0.99679	0.98382	0.0
1263646800	0.98417	0.97632	0.99222	0.96833	0.0
1263650400	0.97632	0.99706	0.99937	0.97405	0.0
1263654000	0.99706	1.01132	1.01209	0.9963	0.0
1263657600	1.01132	1.0165	1.0169	1.01092	0.0
1263661200	1.0165	1.02843	1.03211	1.01285	0.0
1263664800	1.02843	1.04242	1.04878	1.02215	0.0
1263668400	1.04242	1.04	1.04511	1.03732	0.0
1263672000	1.04	1.02658	1.0453	1.02135	0.0
1263675600	1.02658	1.01467	1.03661	1.00475	0.0
1263679200	1.01467	1.00426	1.01822	1.00074	0.0
1263682800	1.00426	0.98551	1.00452	0.98525	0.0
1263686400	0.98551	0.9937	0.99941	0.97985	0.0
1263690000	0.9937	1.01214	1.01229	0.99357	0.0
1263693600	1.01214	1.01118	1.01673	1.0066	0.0
1263697200	1.01118	1.0066	1.01157	1.00621	0.0
1263700800	1.0066	1.02446	1.02892	1.00221	0.0
1263704400	1.02446	1.00624	1.03121	0.9996	0.0
1263708000	1.00624	1.00241	1.00741	1.00124	0.0
1263711600	1.00241	0.99385	1.00546	0.99083	0.0
1263715200	0.99385	0.9898	0.99824	0.98543	0.0
1263718800	0.9898	0.99549	0.9994	0.98591	0.0
1263722400	0.99549	0.97938	1.00238	0.97261	0.0
1263726000	0.97938	0.9789	0.98066	0.97762	0.0
1263729600	0.9789	0.99731	0.99766	0.97856	0.0
1263733200	0.99731	1.00691	1.02007	0.98427	0.0
1263736800	1.00691	1.03417	1.03533	1.00578	0.0
1263740400	1.03417	1.04937	1.05056	1.033	0.0
1263744000	1.04937	1.04416	1.05699	1.03658	0.0
1263747600	1.04416	1.05837	1.07219	1.03053	0.0
1263751200	1.05837	1.06742	1.06996	1.05584	0.0
1263754800	1.06742	1.06185	1.07218	1.05711	0.0
1263758400	1.06185	1.07986	1.08177	1.05998	0.0
1263762000	1.07986	1.08076	1.08803	1.07259	0.0
1263765600	1.08076	1.09911	1.1011	1.0788	0.0
1263769200	1.09911	1.108	1.11848	1.08871	0.0
1263772800	1.108	1.12412	1.13102	1.1012	0.0
1263776400	1.12412	1.1431	1.14664	1.12064	0.0
1263780000	1.1431	1.15824	1.16231	1.13908	0.0
1263783600	1.15824	1.15826	1.1599	1.15661	0.0
1263787200	1.15826	1.15121	1.16428	1.14523	0.0
1263790800	1.15121	1.13345	1.15272	1.13196	0.0
1263794400	1.13345	1.13789	1.14058	1.13077	0.0
1263798000	1.13789	1.12439	1.1447	1.11767	0.0
1263801600	1.12439	1.1324	1.13775	1.11908	0.0
1263805200	1.1324	1.12741	1.14352	1.11633	0.0
1263808800	1.12741	1.14273	1.15721	1.11312	0.0
1263812400	1.14273	1.15561	1.15794	1.14043	0.0
1263816000	1.15561	1.15112	1.1607	1.14605	0.0
1263819600	1.15112	1.14551	1.16313	1.13356	0.0
1263823200	1.14551	1.13557	1.14736	1.13373	0.0
1263826800	1.13557	1.17915	1.18114	1.13365	0.0
1263830400	1.17915	1.18723	1.19166	1.17475	0.0
1263834000	1.18723	1.17426	1.19611	1.16548	0.0
1263837600	1.17426	1.18936	1.20001	1.16375	0.0
1263841200	1.18936	1.18304	1.19276	1.17966	0.0
1263844800	1.18304	1.19531	1.19565	1.1827	0.0
1263848400	1.19531	1.18572	1.20589	1.17522	0.0
1263852000	1.18572	1.18096	1.19315	1.17356	0.0
1263855600	1.18096	1.16761	1.19251	1.15619	0.0
1263859200	1.16761	1.17012	1.17345	1.16429	0.0
1263862800	1.17012	1.17383	1.17747	1.16649	0.0
1263866400	1.17383	1.16651	1.17394	1.1664	0.0
1263870000	1.16651	1.17605	1.18316	1.15946	0.0
1263873600	1.17605	1.18886	1.19095	1.17398	0.0
1263877200	1.18886	1.17937	1.19957	1.16874	0.0
1263880800	1.17937	1.17064	1.18802	1.16205	0.0
1263884400	1.17064	1.1998	1.20488	1.16568	0.0
1263888000	1.1998	1.22162	1.22563	1.19586	0.0
1263891600	1.22162	1.20305	1.23639	1.1885	0.0
1263895200	1.20305	1.23392	1.23397	1.203	0.0
1263898800	1.23392	1.20847	1.24079	1.20174	0.0
1263902400	1.20847	1.2082	1.22092	1.19575	0.0
1263906000	1.2082	1.21097	1.22492	1.19429	0.0
1263909600	1.21097	1.22398	1.22572	1.20925	0.0
1263913200	1.22398	1.24843	1.25527	1.21727	0.0
1263916800	1.24843	1.23349	1.2502	1.23175	0.0
1263920400	1.23349	1.23504	1.24293	1.22561	0.0
1263924000	1.23504	1.24592	1.25199	1.22902	0.0
1263927600	1.24592	1.24755	1.25561	1.23787	0.0
1263931200	1.24755	1.2729	1.28318	1.23747	0.0
1263934800	1.2729	1.26865	1.27606	1.2655	0.0
1263938400	1.26865	1.27483	1.27665	1.26684	0.0
1263942000	1.27483	1.28692	1.29893	1.26294	0.0
1263945600	1.28692	1.27576	1.28884	1.27385	0.0
1263949200	1.27576	1.28472	1.29301	1.26752	0.0
1263952800	1.28472	1.29472	1.30263	1.27687	0.0
1263956400	1.29472	1.26452	1.30208	1.25733	0.0
1263960000	1.26452	1.27001	1.27689	1.25767	0.0
1263963600	1.27001	1.26801	1.27079	1.26724	0.0
1263967200	1.26801	1.2677	1.26803	1.26769	0.0
1263970800	1.2677	1.27327	1.27471	1.26627	0.0
1263974400	1.27327	1.23632	1.28062	1.22918	0.0
1263978000	1.23632	1.22604	1.24012	1.22227	0.0
1263981600	1.22604	1.21814	1.23056	1.21364	0.0
1263985200	1.21814	1.22982	1.23228	1.2157	0.0
1263988800	1.22982	1.23356	1.23395	1.22943	0.0
1263992400	1.23356	1.21607	1.23442	1.21523	0.0
1263996000	1.21607	1.21943	1.21945	1.21605	0.0
1263999600	1.21943	1.16823	1.22422	1.16363	0.0
1264003200	1.16823	1.15314	1.17309	1.14834	0.0
1264006800	1.15314	1.16658	1.1721	1.14768	0.0
1264010400	1.16658	1.17191	1.18528	1.15328	0.0
1264014000	1.17191	1.20653	1.21113	1.16745	0.0
1264017600	1.20653	1.20034	1.2074	1.19948	0.0
1264021200	1.20034	1.20881	1.21609	1.19311	0.0
1264024800	1.20881	1.20909	1.21602	1.20188	0.0
1264028400	1.20909	1.18877	1.21723	1.18076	0.0
1264032000	1.18877	1.20485	1.20904	1.18463	0.0
1264035600	1.20485	1.21107	1.22019	1.19577	0.0
1264039200	1.21107	1.22043	1.23305	1.19855	0.0
1264042800	1.22043	1.23396	1.23635	1.21807	0.0
1264046400	1.23396	1.23123	1.24117	1.22403	0.0
1264050000	1.23123	1.23627	1.24889	1.21867	0.0
1264053600	1.23627	1.23554	1.24954	1.22229	0.0
1264057200	1.23554	1.21977	1.24939	1.2061	0.0
1264060800	1.21977	1.24168	1.24879	1.21278	0.0
1264064400	1.24168	1.24631	1.2468	1.24119	0.0
1264068000	1.24631	1.23201	1.25131	1.22708	0.0
1264071600	1.23201	1.23638	1.23793	1.23047	0.0
1264075200	1.23638	1.22813	1.24611	1.21846	0.0
1264078800	1.22813	1.22732	1.22999	1.22546	0.0
1264082400	1.22732	1.20862	1.2348	1.20125	0.0
1264086000	1.20862	1.20576	1.21274	1.20165	0.0
1264089600	1.20576	1.17221	1.21138	1.16674	0.0
1264093200	1.17221	1.17343	1.1755	1.17014	0.0
1264096800	1.17343	1.15756	1.17689	1.15415	0.0
1264100400	1.15756	1.16556	1.16718	1.15595	0.0
1264104000	1.16556	1.13404	1.17817	1.12176	0.0
1264107600	1.13404	1.11402	1.13863	1.10951	0.0
1264111200	1.11402	1.08101	1.1194	1.07579	0.0
1264114800	1.08101	1.07599	1.08173	1.07528	0.0
1264118400	1.07599	1.1065	1.11276	1.06991	0.0
1264122000	1.1065	1.10531	1.1077	1.10411	0.0
1264125600	1.10531	1.10797	1.10922	1.10407	0.0
1264129200	1.10797	1.11182	1.11796	1.10185	0.0
1264132800	1.11182	1.1141	1.11593	1.11	0.0
1264136400	1.1141	1.11592	1.12946	1.10058	0.0
1264140000	1.11592	1.103	1.12473	1.09429	0.0
1264143600	1.103	1.08217	1.10682	1.07842	0.0
1264147200	1.08217	1.07665	1.08656	1.07229	0.0
1264150800	1.07665	1.09008	1.09428	1.0725	0.0
1264154400	1.09008	1.08746	1.10092	1.07665	0.0
1264158000	1.08746	1.0803	1.08845	1.07932	0.0
1264161600	1.0803	1.07355	1.08099	1.07287	0.0
1264165200	1.07355	1.06277	1.07399	1.06232	0.0
1264168800	1.06277	1.05458	1.06881	1.04858	0.0
1264172400	1.05458	1.04449	1.05948	1.03964	0.0
1264176000	1.04449	1.05121	1.06021	1.03556	0.0
1264179600	1.05121	1.05214	1.05875	1.04461	0.0
1264183200	1.05214	1.04854	1.05749	1.04321	0.0
1264186800	1.04854	1.0381	1.05151	1.03515	0.0
1264190400	1.0381	1.05155	1.05431	1.03538	0.0
1264194000	1.05155	1.04536	1.05296	1.04396	0.0
1264197600	1.04536	1.06035	1.0628	1.04295	0.0
1264201200	1.06035	1.07498	1.08196	1.05347	0.0
1264204800	1.07498	1.09722	1.10135	1.07094	0.0
1264208400	1.09722	1.09429	1.10549	1.08604	0.0
1264212000	1.09429	1.09253	1.09666	1.09017	0.0
1264215600	1.09253	1.09098	1.1034	1.08013	0.0
1264219200	1.09098	1.09709	1.1004	1.0877	0.0
1264222800	1.09709	1.08908	1.1135	1.07279	0.0
1264226400	1.08908	1.09851	1.10563	1.08202	0.0
1264230000	1.09851	1.08973	1.11573	1.07265	0.0
1264233600	1.08973	1.06964	1.1029	1.05672	0.0
1264237200	1.06964	1.09849	1.1045	1.06379	0.0
1264240800	1.09849	1.11987	1.13176	1.08682	0.0
1264244400	1.11987	1.1268	1.12686	1.1198	0.0
1264248000	1.1268	1.14465	1.15002	1.12151	0.0
1264251600	1.14465	1.1525	1.15386	1.14331	0.0
1264255200	1.1525	1.15152	1.16057	1.14346	0.0
1264258800	1.15152	1.15626	1.16559	1.14223	0.0
1264262400	1.15626	1.16181	1.16577	1.15232	0.0
1264266000	1.16181	1.13631	1.16397	1.1342	0.0
1264269600	1.13631	1.13446	1.14284	1.12795	0.0
1264273200	1.13446	1.1369	1.14698	1.1244	0.0
1264276800	1.1369	1.14679	1.15357	1.13017	0.0
1264280400	1.14679	1.15005	1.16079	1.13608	0.0
1264284000	1.15005	1.16506	1.16995	1.14522	0.0
1264287600	1.16506	1.17086	1.17195	1.16398	0.0
1264291200	1.17086	1.19272	1.19322	1.17037	0.0
1264294800	1.19272	1.2134	1.22112	1.18513	0.0
1264298400	1.2134	1.20642	1.22155	1.19832	0.0
1264302000	1.20642	1.18099	1.2172	1.17044	0.0
1264305600	1.18099	1.20515	1.21849	1.16792	0.0
1264309200	1.20515	1.23093	1.23099	1.20509	0.0
1264312800	1.23093	1.24633	1.25337	1.22397	0.0
1264316400	1.24633	1.23736	1.25465	1.2291	0.0
1264320000	1.23736	1.22468	1.2401	1.22197	0.0
1264323600	1.22468	1.24971	1.25838	1.21617	0.0
1264327200	1.24971	1.26456	1.26916	1.24515	0.0
1264330800	1.26456	1.24091	1.26592	1.23957	0.0
1264334400	1.24091	1.26402	1.27785	1.22733	0.0
1264338000	1.26402	1.27285	1.27884	1.25808	0.0
1264341600	1.27285	1.26866	1.27873	1.26281	0.0
1264345200	1.26866	1.29164	1.30628	1.25429	0.0
1264348800	1.29164	1.30866	1.31316	1.2872	0.0
1264352400	1.30866	1.31397	1.3141	1.30853	0.0
1264356000	1.31397	1.32237	1.32465	1.3117	0.0
1264359600	1.32237	1.31653	1.3351	1.30386	0.0
1264363200	1.31653	1.34515	1.36267	1.29937	0.0
1264366800	1.34515	1.35575	1.37347	1.32757	0.0
1264370400	1.35575	1.35455	1.37477	1.33555	0.0
1264374000	1.35455	1.36828	1.37371	1.34918	0.0
1264377600	1.36828	1.36124	1.37766	1.35191	0.0
1264381200	1.36124	1.34808	1.36821	1.34118	0.0
1264384800	1.34808	1.37785	1.39037	1.33583	0.0
1264388400	1.37785	1.36559	1.38761	1.35591	0.0
1264392000	1.36559	1.34675	1.37309	1.33935	0.0
1264395600	1.34675	1.35602	1.3569	1.34588	0.0
1264399200	1.35602	1.37547	1.38363	1.34797	0.0
1264402800	1.37547	1.37272	1.39534	1.35289	0.0
1264406400	1.37272	1.37299	1.38333	1.36238	0.0
1264410000	1.37299	1.38131	1.38231	1.37201	0.0
1264413600	1.38131	1.37743	1.39452	1.36427	0.0
1264417200	1.37743	1.40043	1.41095	1.36708	0.0
1264420800	1.40043	1.40746	1.409	1.3989	0.0
1264424400	1.40746	1.41869	1.42745	1.39877	0.0
1264428000	1.41869	1.40751	1.42082	1.40539	0.0
1264431600	1.40751	1.40898	1.41176	1.40474	0.0
1264435200	1.40898	1.43126	1.43326	1.40701	0.0
1264438800	1.43126	1.433	1.45066	1.41362	0.0
1264442400	1.433	1.44283	1.4644	1.41158	0.0
1264446000	1.44283	1.45358	1.46384	1.43264	0.0
1264449600	1.45358	1.45639	1.4591	1.45088	0.0
1264453200	1.45639	1.46659	1.48551	1.4376	0.0
1264456800	1.46659	1.48487	1.49961	1.45204	0.0
1264460400	1.48487	1.50498	1.51164	1.4783	0.0
1264464000	1.50498	1.54289	1.54578	1.50216	0.0
1264467600	1.54289	1.54937	1.55809	1.53421	0.0
1264471200	1.54937	1.54555	1.55926	1.53569	0.0
1264474800	1.54555	1.57898	1.58901	1.53573	0.0
1264478400	1.57898	1.56752	1.58282	1.5637	0.0
1264482000	1.56752	1.5725	1.59157	1.5485	0.0
1264485600	1.5725	1.5699	1.57484	1.56756	0.0
1264489200	1.5699	1.57256	1.57472	1.56775	0.0
1264492800	1.57256	1.54554	1.57368	1.54444	0.0
1264496400	1.54554	1.52716	1.54841	1.52432	0.0
1264500000	1.52716	1.5299	1.53975	1.51733	0.0
1264503600	1.5299	1.51634	1.53535	1.51093	0.0
1264507200	1.51634	1.49268	1.51752	1.49152	0.0
1264510800	1.49268	1.49712	1.50199	1.48783	0.0
1264514400	1.49712	1.52539	1.53358	1.48909	0.0
1264518000	1.52539	1.52077	1.52812	1.51806	0.0
1264521600	1.52077	1.52611	1.52966	1.51723	0.0
1264525200	1.52611	1.52385	1.53891	1.51106	0.0
1264528800	1.52385	1.51849	1.52536	1.51699	0.0
1264532400	1.51849	1.51726	1.52087	1.51487	0.0
1264536000	1.51726	1.5224	1.52601	1.51366	0.0
1264539600	1.5224	1.54382	1.54413	1.52209	0.0
1264543200	1.54382	1.57075	1.5718	1.54279	0.0
1264546800	1.57075	1.55663	1.58152	1.54596	0.0
1264550400	1.55663	1.55828	1.5733	1.54163	0.0
1264554000	1.55828	1.55678	1.5609	1.55417	0.0
1264557600	1.55678	1.54614	1.55741	1.54552	0.0
1264561200	1.54614	1.55525	1.55984	1.54157	0.0
1264564800	1.55525	1.60541	1.61302	1.54787	0.0
1264568400	1.60541	1.57738	1.61294	1.56998	0.0
1264572000	1.57738	1.58748	1.59403	1.57088	0.0
1264575600	1.58748	1.60638	1.62272	1.57134	0.0
1264579200	1.60638	1.64392	1.64828	1.60212	0.0
1264582800	1.64392	1.65573	1.66945	1.63031	0.0
1264586400	1.65573	1.65688	1.6621	1.65051	0.0
1264590000	1.65688	1.63494	1.65962	1.63223	0.0
1264593600	1.63494	1.64087	1.65421	1.62164	0.0
1264597200	1.64087	1.65983	1.67112	1.6297	0.0
1264600800	1.65983	1.67959	1.68165	1.65779	0.0
1264604400	1.67959	1.68591	1.69155	1.67396	0.0
1264608000	1.68591	1.71559	1.74042	1.66151	0.0
1264611600	1.71559	1.70863	1.71785	1.70638	0.0
1264615200	1.70863	1.69949	1.71346	1.6947	0.0
1264618800	1.69949	1.67863	1.70371	1.67446	0.0
1264622400	1.67863	1.66178	1.68038	1.66005	0.0
1264626000	1.66178	1.63846	1.66825	1.63209	0.0
1264629600	1.63846	1.65637	1.66951	1.62546	0.0
1264633200	1.65637	1.66256	1.67142	1.64754	0.0
1264636800	1.66256	1.68769	1.69056	1.65973	0.0
1264640400	1.68769	1.69314	1.706	1.67486	0.0
1264644000	1.69314	1.70292	1.70896	1.68714	0.0
1264647600	1.70292	1.67112	1.71987	1.65449	0.0
1264651200	1.67112	1.67149	1.67827	1.66434	0.0
1264654800	1.67149	1.65766	1.68699	1.64228	0.0
1264658400	1.65766	1.64328	1.67512	1.62597	0.0
1264662000	1.64328	1.63012	1.65092	1.62255	0.0
1264665600	1.63012	1.64193	1.64204	1.63002	0.0
1264669200	1.64193	1.60843	1.64885	1.60165	0.0
1264672800	1.60843	1.60747	1.61162	1.60428	0.0
1264676400	1.60747	1.60197	1.61482	1.59464	0.0
1264680000	1.60197	1.58251	1.60778	1.57677	0.0
1264683600	1.58251	1.56979	1.58554	1.56678	0.0
1264687200	1.56979	1.59604	1.5972	1.56865	0.0
1264690800	1.59604	1.61405	1.61522	1.59488	0.0
1264694400	1.61405	1.60636	1.62672	1.59374	0.0
1264698000	1.60636	1.6087	1.61815	1.59692	0.0
1264701600	1.6087	1.61429	1.64227	1.58082	0.0
1264705200	1.61429	1.60899	1.61618	1.60711	0.0
1264708800	1.60899	1.60996	1.61133	1.60762	0.0
1264712400	1.60996	1.59307	1.6177	1.58541	0.0
1264716000	1.59307	1.58129	1.59731	1.57709	0.0
1264719600	1.58129	1.59239	1.5941	1.57959	0.0
1264723200	1.59239	1.58885	1.61254	1.56873	0.0
1264726800	1.58885	1.59056	1.60249	1.57693	0.0
1264730400	1.59056	1.54481	1.60006	1.53559	0.0
1264734000	1.54481	1.50159	1.54919	1.49734	0.0
1264737600	1.50159	1.515	1.52546	1.49123	0.0
1264741200	1.515	1.51016	1.51556	1.50961	0.0
1264744800	1.51016	1.51933	1.52864	1.5009	0.0
1264748400	1.51933	1.5312	1.54512	1.50552	0.0
1264752000	1.5312	1.52309	1.53583	1.51848	0.0
1264755600	1.52309	1.52475	1.52508	1.52276	0.0
1264759200	1.52475	1.51255	1.53374	1.50363	0.0
1264762800	1.51255	1.50417	1.51832	1.49843	0.0
1264766400	1.50417	1.5287	1.53571	1.49727	0.0
1264770000	1.5287	1.50824	1.54105	1.49605	0.0
1264773600	1.50824	1.52253	1.53957	1.49136	0.0
1264777200	1.52253	1.55508	1.55605	1.52159	0.0
1264780800	1.55508	1.5478	1.57055	1.5324	0.0
1264784400	1.5478	1.54291	1.55389	1.53683	0.0
1264788000	1.54291	1.54662	1.55787	1.53168	0.0
1264791600	1.54662	1.55113	1.55378	1.54397	0.0
1264795200	1.55113	1.53643	1.55385	1.53373	0.0
1264798800	1.53643	1.51071	1.53994	1.50725	0.0
1264802400	1.51071	1.49294	1.52345	1.48035	0.0
1264806000	1.49294	1.46916	1.50327	1.459	0.0
1264809600	1.46916	1.48765	1.48959	1.46724	0.0
1264813200	1.48765	1.47293	1.4909	1.46971	0.0
1264816800	1.47293	1.49235	1.49537	1.46996	0.0
1264820400	1.49235	1.48652	1.49675	1.48214	0.0
1264824000	1.48652	1.45287	1.49885	1.44082	0.0
1264827600	1.45287	1.43842	1.45539	1.43592	0.0
1264831200	1.43842	1.4505	1.45428	1.43467	0.0
1264834800	1.4505	1.43242	1.45628	1.42671	0.0
1264838400	1.43242	1.40042	1.43531	1.3976	0.0
1264842000	1.40042	1.40346	1.40826	1.39563	0.0
1264845600	1.40346	1.41275	1.41332	1.40289	0.0
1264849200	1.41275	1.4189	1.42052	1.41113	0.0
1264852800	1.4189	1.40094	1.41981	1.40004	0.0
1264856400	1.40094	1.40056	1.40251	1.39899	0.0
1264860000	1.40056	1.39328	1.41513	1.37878	0.0
1264863600	1.39328	1.38201	1.39803	1.37731	0.0
1264867200	1.38201	1.36275	1.39052	1.35436	0.0
1264870800	1.36275	1.35067	1.36599	1.34746	0.0
1264874400	1.35067	1.3684	1.37241	1.34672	0.0
1264878000	1.3684	1.38072	1.39408	1.35517	0.0
1264881600	1.38072	1.37597	1.38251	1.37419	0.0
1264885200	1.37597	1.39567	1.41033	1.36152	0.0
1264888800	1.39567	1.40311	1.40811	1.39071	0.0
1264892400	1.40311	1.41777	1.41898	1.40191	0.0
1264896000	1.41777	1.41766	1.41813	1.4173	0.0
1264899600	1.41766	1.40927	1.4184	1.40853	0.0
1264903200	1.40927	1.39427	1.4155	1.38811	0.0
1264906800	1.39427	1.36088	1.4033	1.35207	0.0
1264910400	1.36088	1.3558	1.36711	1.3496	0.0
1264914000	1.3558	1.31923	1.36004	1.31511	0.0
1264917600	1.31923	1.32926	1.33675	1.3118	0.0
1264921200	1.32926	1.32858	1.33191	1.32594	0.0
1264924800	1.32858	1.2813	1.33513	1.27498	0.0
1264928400	1.2813	1.28064	1.28622	1.27573	0.0
1264932000	1.28064	1.2769	1.29815	1.25944	0.0
1264935600	1.2769	1.27143	1.27868	1.26966	0.0
1264939200	1.27143	1.27429	1.28043	1.2653	0.0
1264942800	1.27429	1.27817	1.28005	1.27243	0.0
1264946400	1.27817	1.27324	1.2907	1.26076	0.0
1264950000	1.27324	1.29278	1.29749	1.2686	0.0
1264953600	1.29278	1.31642	1.31672	1.29248	0.0
1264957200	1.31642	1.33222	1.33988	1.30886	0.0
1264960800	1.33222	1.33664	1.33997	1.3289	0.0
1264964400	1.33664	1.34679	1.35665	1.32686	0.0
1264968000	1.34679	1.32544	1.35175	1.32056	0.0
1264971600	1.32544	1.33443	1.35052	1.30945	0.0
1264975200	1.33443	1.31805	1.35353	1.29918	0.0
1264978800	1.31805	1.33712	1.35259	1.3028	0.0
1264982400	1.33712	1.34816	1.35544	1.32991	0.0
1264986000	1.34816	1.34486	1.34838	1.34464	0.0
1264989600	1.34486	1.31981	1.34686	1.31785	0.0
1264993200	1.31981	1.31681	1.33428	1.30237	0.0
1264996800	1.31681	1.30168	1.31798	1.30052	0.0
1265000400	1.30168	1.32366	1.33153	1.29393	0.0
1265004000	1.32366	1.32548	1.33512	1.31403	0.0
1265007600	1.32548	1.33662	1.34039	1.32174	0.0
1265011200	1.33662	1.34854	1.35426	1.33095	0.0
1265014800	1.34854	1.34999	1.35501	1.34352	0.0
1265018400	1.34999	1.37751	1.37823	1.34928	0.0
1265022000	1.37751	1.37978	1.39002	1.36728	0.0
1265025600	1.37978	1.40026	1.41128	1.36892	0.0
1265029200	1.40026	1.39882	1.40838	1.39071	0.0
1265032800	1.39882	1.37398	1.40863	1.36434	0.0
1265036400	1.37398	1.37475	1.37837	1.37036	0.0
1265040000	1.37475	1.37956	1.38104	1.37328	0.0
1265043600	1.37956	1.38343	1.39281	1.37022	0.0
1265047200	1.38343	1.39405	1.39666	1.38084	0.0
1265050800	1.39405	1.40162	1.408	1.3877	0.0
1265054400	1.40162	1.42876	1.4431	1.38755	0.0
1265058000	1.42876	1.40103	1.4371	1.39285	0.0
1265061600	1.40103	1.401	1.41023	1.3918	0.0
1265065200	1.401	1.38101	1.40305	1.37899	0.0
1265068800	1.38101	1.38764	1.40339	1.36534	0.0
1265072400	1.38764	1.3782	1.38936	1.37649	0.0
1265076000	1.3782	1.37945	1.38054	1.3771	0.0
1265079600	1.37945	1.4042	1.40822	1.3755	0.0
1265083200	1.4042	1.40364	1.41337	1.39446	0.0
1265086800	1.40364	1.37739	1.40696	1.37413	0.0
1265090400	1.37739	1.41228	1.41589	1.37388	0.0
1265094000	1.41228	1.40941	1.42098	1.40073	0.0
1265097600	1.40941	1.40772	1.41556	1.40158	0.0
1265101200	1.40772	1.43284	1.43553	1.40507	0.0
1265104800	1.43284	1.40984	1.44296	1.39988	0.0
1265108400	1.40984	1.40228	1.41402	1.39812	0.0
1265112000	1.40228	1.40122	1.40361	1.39989	0.0
1265115600	1.40122	1.39944	1.40407	1.39659	0.0
1265119200	1.39944	1.40874	1.41767	1.39056	0.0
1265122800	1.40874	1.42223	1.42966	1.40138	0.0
1265126400	1.42223	1.43869	1.4522	1.40888	0.0
1265130000	1.43869	1.4748	1.47654	1.43699	0.0
1265133600	1.4748	1.44989	1.48665	1.43823	0.0
1265137200	1.44989	1.48875	1.49053	1.44816	0.0
1265140800	1.48875	1.47855	1.49552	1.47183	0.0
1265144400	1.47855	1.44219	1.4824	1.43843	0.0
1265148000	1.44219	1.44017	1.44981	1.43256	0.0
1265151600	1.44017	1.42788	1.44589	1.4222	0.0
1265155200	1.42788	1.40936	1.43375	1.40356	0.0
1265158800	1.40936	1.39956	1.4101	1.39882	0.0
1265162400	1.39956	1.37927	1.40411	1.37479	0.0
1265166000	1.37927	1.36476	1.39375	1.35043	0.0
1265169600	1.36476	1.35332	1.37788	1.34031	0.0
1265173200	1.35332	1.36876	1.37668	1.3455	0.0
1265176800	1.36876	1.36768	1.37124	1.3652	0.0
1265180400	1.36768	1.40516	1.40607	1.36679	0.0
1265184000	1.40516	1.39284	1.40611	1.3919	0.0
1265187600	1.39284	1.37432	1.40609	1.36125	0.0
1265191200	1.37432	1.39515	1.40435	1.36526	0.0
1265194800	1.39515	1.40277	1.41273	1.38524	0.0
1265198400	1.40277	1.39912	1.41174	1.39017	0.0
1265202000	1.39912	1.38418	1.40172	1.3816	0.0
1265205600	1.38418	1.38631	1.38821	1.38228	0.0
1265209200	1.38631	1.38495	1.39129	1.37998	0.0
1265212800	1.38495	1.39864	1.40465	1.37899	0.0
1265216400	1.39864	1.40114	1.40225	1.39752	0.0
1265220000	1.40114	1.39352	1.42476	1.37003	0.0
1265223600	1.39352	1.38507	1.39361	1.38498	0.0
1265227200	1.38507	1.41606	1.42737	1.37401	0.0
1265230800	1.41606	1.41443	1.42033	1.41017	0.0
1265234400	1.41443	1.41969	1.42216	1.41197	0.0
1265238000	1.41969	1.39109	1.42383	1.38705	0.0
1265241600	1.39109	1.37185	1.40135	1.36174	0.0
1265245200	1.37185	1.35288	1.37923	1.34559	0.0
1265248800	1.35288	1.36685	1.37136	1.34841	0.0
1265252400	1.36685	1.35694	1.37596	1.34789	0.0
1265256000	1.35694	1.37345	1.37385	1.35654	0.0
1265259600	1.37345	1.34826	1.39307	1.32899	0.0
1265263200	1.34826	1.35379	1.36129	1.34079	0.0
1265266800	1.35379	1.3615	1.36305	1.35224	0.0
1265270400	1.3615	1.35329	1.37642	1.33846	0.0
1265274000	1.35329	1.36025	1.36399	1.34957	0.0
1265277600	1.36025	1.36698	1.37266	1.3546	0.0
1265281200	1.36698	1.37103	1.37756	1.36046	0.0
1265284800	1.37103	1.37715	1.38901	1.35922	0.0
1265288400	1.37715	1.36456	1.37766	1.36405	0.0
1265292000	1.36456	1.37926	1.37956	1.36426	0.0
1265295600	1.37926	1.35732	1.38873	1.34801	0.0
1265299200	1.35732	1.36547	1.37194	1.35089	0.0
1265302800	1.36547	1.40052	1.41638	1.35001	0.0
1265306400	1.40052	1.41782	1.41829	1.40006	0.0
1265310000	1.41782	1.43274	1.43836	1.41226	0.0
1265313600	1.43274	1.38454	1.44007	1.37745	0.0
1265317200	1.38454	1.37197	1.39331	1.36328	0.0
1265320800	1.37197	1.36184	1.39068	1.34328	0.0
1265324400	1.36184	1.36822	1.3683	1.36176	0.0
1265328000	1.36822	1.34386	1.37597	1.33625	0.0
1265331600	1.34386	1.35922	1.37243	1.3308	0.0
1265335200	1.35922	1.38335	1.38346	1.3591	0.0
1265338800	1.38335	1.39299	1.39446	1.38189	0.0
1265342400	1.39299	1.38828	1.39536	1.38592	0.0
1265346000	1.38828	1.39582	1.40125	1.38289	0.0
1265349600	1.39582	1.41289	1.41452	1.39422	0.0
1265353200	1.41289	1.40071	1.41318	1.40043	0.0
1265356800	1.40071	1.42153	1.43869	1.38381	0.0
1265360400	1.42153	1.41961	1.43142	1.40974	0.0
1265364000	1.41961	1.41475	1.42116	1.41321	0.0
1265367600	1.41475	1.39787	1.41999	1.39269	0.0
1265371200	1.39787	1.38376	1.39908	1.38256	0.0
1265374800	1.38376	1.37858	1.39168	1.37068	0.0
1265378400	1.37858	1.4222	1.4237	1.37712	0.0
1265382000	1.4222	1.42056	1.42837	1.41439	0.0
1265385600	1.42056	1.40566	1.42328	1.40297	0.0
1265389200	1.40566	1.40075	1.41438	1.39207	0.0
1265392800	1.40075	1.41484	1.41542	1.40018	0.0
1265396400	1.41484	1.42032	1.42114	1.41403	0.0
1265400000	1.42032	1.4387	1.44288	1.4162	0.0
1265403600	1.4387	1.39908	1.44175	1.39612	0.0
1265407200	1.39908	1.39014	1.41206	1.37724	0.0
1265410800	1.39014	1.36111	1.39223	1.35906	0.0
1265414400	1.36111	1.36678	1.38236	1.3456	0.0
1265418000	1.36678	1.37752	1.38066	1.36366	0.0
1265421600	1.37752	1.41184	1.41912	1.37041	0.0
1265425200	1.41184	1.39208	1.41799	1.38602	0.0
1265428800	1.39208	1.36549	1.39472	1.36291	0.0
1265432400	1.36549	1.36485	1.37012	1.36023	0.0
1265436000	1.36485	1.37081	1.3795	1.35621	0.0
1265439600	1.37081	1.39633	1.39745	1.36971	0.0
1265443200	1.39633	1.40549	1.41263	1.38923	0.0
1265446800	1.40549	1.39053	1.41505	1.38107	0.0
1265450400	1.39053	1.37919	1.39192	1.37781	0.0
1265454000	1.37919	1.39362	1.40116	1.37173	0.0
1265457600	1.39362	1.41188	1.41447	1.39106	0.0
1265461200	1.41188	1.36193	1.41781	1.35622	0.0
1265464800	1.36193	1.36739	1.3751	1.35425	0.0
1265468400	1.36739	1.38699	1.3917	1.36274	0.0
1265472000	1.38699	1.41524	1.42286	1.37951	0.0
1265475600	1.41524	1.38665	1.42077	1.38123	0.0
1265479200	1.38665	1.40529	1.41288	1.37917	0.0
1265482800	1.40529	1.42697	1.43154	1.40079	0.0
1265486400	1.42697	1.44501	1.44529	1.42669	0.0
1265490000	1.44501	1.45523	1.45984	1.44043	0.0
1265493600	1.45523	1.46753	1.47207	1.45073	0.0
1265497200	1.46753	1.47975	1.48414	1.46318	0.0
1265500800	1.47975	1.46815	1.49015	1.45783	0.0
1265504400	1.46815	1.48764	1.48916	1.46665	0.0
1265508000	1.48764	1.46605	1.49508	1.45871	0.0
1265511600	1.46605	1.47268	1.47349	1.46524	0.0
1265515200	1.47268	1.44754	1.47504	1.44522	0.0
1265518800	1.44754	1.45477	1.45919	1.44314	0.0
1265522400	1.45477	1.45377	1.4564	1.45214	0.0
1265526000	1.45377	1.45994	1.46565	1.44809	0.0
1265529600	1.45994	1.48325	1.49138	1.45194	0.0
1265533200	1.48325	1.48694	1.48794	1.48225	0.0
1265536800	1.48694	1.49107	1.5002	1.47784	0.0
1265540400	1.49107	1.50212	1.50572	1.4875	0.0
1265544000	1.50212	1.50121	1.50943	1.49391	0.0
1265547600	1.50121	1.50481	1.51374	1.4923	0.0
1265551200	1.50481	1.52211	1.52741	1.49957	0.0
1265554800	1.52211	1.52523	1.52857	1.51878	0.0
1265558400	1.52523	1.53503	1.54116	1.51914	0.0
1265562000	1.53503	1.5268	1.54423	1.51764	0.0
1265565600	1.5268	1.52127	1.53107	1.51702	0.0
1265569200	1.52127	1.51873	1.53941	1.50063	0.0
1265572800	1.51873	1.53401	1.53657	1.5162	0.0
1265576400	1.53401	1.53261	1.5341	1.53252	0.0
1265580000	1.53261	1.53939	1.53949	1.53252	0.0
1265583600	1.53939	1.53051	1.54848	1.52148	0.0
1265587200	1.53051	1.53247	1.5332	1.52978	0.0
1265590800	1.53247	1.54272	1.55832	1.51697	0.0
1265594400	1.54272	1.51601	1.55708	1.50189	0.0
1265598000	1.51601	1.50338	1.52486	1.49461	0.0
1265601600	1.50338	1.51846	1.52273	1.49916	0.0
1265605200	1.51846	1.52186	1.52964	1.5107	0.0
1265608800	1.52186	1.51667	1.52757	1.51098	0.0
1265612400	1.51667	1.54126	1.54224	1.5157	0.0
1265616000	1.54126	1.54998	1.55066	1.54058	0.0
1265619600	1.54998	1.55086	1.56576	1.53508	0.0
1265623200	1.55086	1.555	1.55734	1.54853	0.0
1265626800	1.555	1.57525	1.5893	1.54113	0.0
1265630400	1.57525	1.59085	1.60668	1.55957	0.0
1265634000	1.59085	1.57014	1.5926	1.56842	0.0
1265637600	1.57014	1.59471	1.60594	1.55908	0.0
1265641200	1.59471	1.63813	1.64872	1.5844	0.0
1265644800	1.63813	1.61043	1.65001	1.59875	0.0
1265648400	1.61043	1.60759	1.61173	1.60629	0.0
1265652000	1.60759	1.60751	1.61336	1.60174	0.0
1265655600	1.60751	1.63605	1.63991	1.60372	0.0
1265659200	1.63605	1.63975	1.64391	1.6319	0.0
1265662800	1.63975	1.64294	1.6449	1.63779	0.0
1265666400	1.64294	1.65636	1.65726	1.64204	0.0
1265670000	1.65636	1.64772	1.65775	1.64634	0.0
1265673600	1.64772	1.64148	1.65204	1.63718	0.0
1265677200	1.64148	1.63563	1.64331	1.63381	0.0
1265680800	1.63563	1.61316	1.64143	1.60744	0.0
1265684400	1.61316	1.62004	1.62128	1.61193	0.0
1265688000	1.62004	1.63529	1.64416	1.61125	0.0
1265691600	1.63529	1.62841	1.63639	1.62731	0.0
1265695200	1.62841	1.61093	1.64152	1.59796	0.0
1265698800	1.61093	1.62333	1.63025	1.60406	0.0
1265702400	1.62333	1.59588	1.63632	1.58311	0.0
1265706000	1.59588	1.58985	1.60526	1.58051	0.0
1265709600	1.58985	1.59473	1.59691	1.58767	0.0
1265713200	1.59473	1.61703	1.62591	1.58597	0.0
1265716800	1.61703	1.63856	1.65079	1.60496	0.0
1265720400	1.63856	1.64053	1.65262	1.62649	0.0
1265724000	1.64053	1.65793	1.67745	1.62122	0.0
1265727600	1.65793	1.68512	1.68629	1.65678	0.0
1265731200	1.68512	1.75443	1.76018	1.67959	0.0
1265734800	1.75443	1.77208	1.7806	1.74599	0.0
1265738400	1.77208	1.78171	1.78349	1.77032	0.0
1265742000	1.78171	1.75009	1.8054	1.72683	0.0
1265745600	1.75009	1.74883	1.75127	1.74766	0.0
1265749200	1.74883	1.75472	1.76944	1.73417	0.0
1265752800	1.75472	1.75196	1.75657	1.75011	0.0
1265756400	1.75196	1.77502	1.78097	1.74609	0.0
1265760000	1.77502	1.80451	1.81402	1.76567	0.0
1265763600	1.80451	1.76157	1.8175	1.7489	0.0
1265767200	1.76157	1.71837	1.77548	1.70481	0.0
1265770800	1.71837	1.71084	1.72884	1.70042	0.0
1265774400	1.71084	1.72008	1.7202	1.71073	0.0
1265778000	1.72008	1.75774	1.76093	1.71696	0.0
1265781600	1.75774	1.76107	1.76845	1.75038	0.0
1265785200	1.76107	1.76075	1.76556	1.75627	0.0
1265788800	1.76075	1.78358	1.78586	1.75851	0.0
1265792400	1.78358	1.78807	1.79112	1.78053	0.0
1265796000	1.78807	1.75683	1.79636	1.74869	0.0
1265799600	1.75683	1.76933	1.77803	1.74818	0.0
1265803200	1.76933	1.75522	1.77184	1.75273	0.0
1265806800	1.75522	1.73592	1.76318	1.72805	0.0
1265810400	1.73592	1.73122	1.73845	1.72869	0.0
1265814000	1.73122	1.69958	1.7315	1.6993	0.0
1265817600	1.69958	1.74641	1.75068	1.69543	0.0
1265821200	1.74641	1.71676	1.75432	1.70898	0.0
1265824800	1.71676	1.72631	1.75109	1.69211	0.0
1265828400	1.72631	1.70618	1.72935	1.70318	0.0
1265832000	1.70618	1.70796	1.722	1.69216	0.0
1265835600	1.70796	1.68738	1.71387	1.68154	0.0
1265839200	1.68738	1.65992	1.69661	1.65083	0.0
1265842800	1.65992	1.64445	1.67484	1.62967	0.0
1265846400	1.64445	1.63578	1.64974	1.63052	0.0
1265850000	1.63578	1.63924	1.64347	1.63156	0.0
1265853600	1.63924	1.67183	1.68241	1.62887	0.0
1265857200	1.67183	1.65312	1.68713	1.63799	0.0
1265860800	1.65312	1.65085	1.65463	1.64935	0.0
1265864400	1.65085	1.65848	1.66287	1.64647	0.0
1265868000	1.65848	1.65401	1.6594	1.65309	0.0
1265871600	1.65401	1.65045	1.65941	1.64506	0.0
1265875200	1.65045	1.64574	1.65727	1.63894	0.0
1265878800	1.64574	1.64238	1.65158	1.63656	0.0
1265882400	1.64238	1.647	1.65762	1.6318	0.0
1265886000	1.647	1.63867	1.66302	1.62274	0.0
1265889600	1.63867	1.59871	1.64353	1.59397	0.0
1265893200	1.59871	1.63751	1.64646	1.58997	0.0
1265896800	1.63751	1.62413	1.65164	1.61012	0.0
1265900400	1.62413	1.61789	1.6365	1.60557	0.0
1265904000	1.61789	1.61008	1.62174	1.60625	0.0
1265907600	1.61008	1.61847	1.62117	1.6074	0.0
1265911200	1.61847	1.61696	1.62845	1.60699	0.0
1265914800	1.61696	1.56744	1.61878	1.56568	0.0
1265918400	1.56744	1.54872	1.57785	1.53843	0.0
1265922000	1.54872	1.53399	1.55244	1.53031	0.0
1265925600	1.53399	1.51029	1.53543	1.50888	0.0
1265929200	1.51029	1.48448	1.51332	1.4815	0.0
1265932800	1.48448	1.48777	1.49171	1.48055	0.0
1265936400	1.48777	1.47384	1.49747	1.46423	0.0
1265940000	1.47384	1.45362	1.47452	1.45294	0.0
1265943600	1.45362	1.4624	1.46638	1.44966	0.0
1265947200	1.4624	1.45848	1.4649	1.45598	0.0
1265950800	1.45848	1.45331	1.47116	1.44068	0.0
1265954400	1.45331	1.44621	1.46209	1.43747	0.0
1265958000	1.44621	1.4358	1.44684	1.43517	0.0
1265961600	1.4358	1.41082	1.43973	1.40696	0.0
1265965200	1.41082	1.41149	1.41841	1.40391	0.0
1265968800	1.41149	1.39276	1.41668	1.38765	0.0
1265972400	1.39276	1.38477	1.39533	1.38222	0.0
1265976000	1.38477	1.37666	1.39639	1.36511	0.0
1265979600	1.37666	1.36733	1.38759	1.35647	0.0
1265983200	1.36733	1.36533	1.37668	1.35599	0.0
1265986800	1.36533	1.35056	1.36845	1.34747	0.0
1265990400	1.35056	1.35408	1.35726	1.3474	0.0
1265994000	1.35408	1.33933	1.35699	1.33646	0.0
1265997600	1.33933	1.35091	1.35384	1.33642	0.0
1266001200	1.35091	1.35766	1.36022	1.34836	0.0
1266004800	1.35766	1.35447	1.36208	1.35006	0.0
1266008400	1.35447	1.36869	1.38529	1.33805	0.0
1266012000	1.36869	1.3677	1.37839	1.35801	0.0
1266015600	1.3677	1.36373	1.36795	1.36348	0.0
1266019200	1.36373	1.37091	1.3782	1.35648	0.0
1266022800	1.37091	1.37174	1.38473	1.35793	0.0
1266026400	1.37174	1.36956	1.37311	1.36819	0.0
1266030000	1.36956	1.40903	1.41652	1.36227	0.0
1266033600	1.40903	1.44112	1.44872	1.40159	0.0
1266037200	1.44112	1.44597	1.44965	1.43745	0.0
1266040800	1.44597	1.43729	1.45768	1.42564	0.0
1266044400	1.43729	1.44615	1.45317	1.43032	0.0
1266048000	1.44615	1.4567	1.4687	1.43424	0.0
1266051600	1.4567	1.40711	1.4622	1.40181	0.0
1266055200	1.40711	1.42085	1.43245	1.39563	0.0
1266058800	1.42085	1.41844	1.42127	1.41802	0.0
1266062400	1.41844	1.43878	1.44123	1.41602	0.0
1266066000	1.43878	1.43108	1.44997	1.41994	0.0
1266069600	1.43108	1.43128	1.44631	1.41604	0.0
1266073200	1.43128	1.40281	1.43618	1.39801	0.0
1266076800	1.40281	1.40695	1.41324	1.39654	0.0
1266080400	1.40695	1.38987	1.42203	1.37497	0.0
1266084000	1.38987	1.40917	1.41415	1.38496	0.0
1266087600	1.40917	1.45951	1.4608	1.40793	0.0
1266091200	1.45951	1.43286	1.46231	1.43012	0.0
1266094800	1.43286	1.43087	1.43697	1.42676	0.0
1266098400	1.43087	1.44128	1.45409	1.41815	0.0
1266102000	1.44128	1.45171	1.45346	1.43954	0.0
1266105600	1.45171	1.50005	1.51226	1.4399	0.0
1266109200	1.50005	1.50694	1.51721	1.48983	0.0
1266112800	1.50694	1.50462	1.51682	1.49475	0.0
1266116400	1.50462	1.49773	1.50491	1.49744	0.0
1266120000	1.49773	1.49026	1.50117	1.48685	0.0
1266123600	1.49026	1.50782	1.51657	1.48162	0.0
1266127200	1.50782	1.4964	1.51152	1.49273	0.0
1266130800	1.4964	1.47899	1.50195	1.4735	0.0
1266134400	1.47899	1.47025	1.48888	1.46042	0.0
1266138000	1.47025	1.48492	1.48743	1.46777	0.0
1266141600	1.48492	1.49855	1.50113	1.48236	0.0
1266145200	1.49855	1.50888	1.51283	1.49463	0.0
1266148800	1.50888	1.51122	1.51864	1.50148	0.0
1266152400	1.51122	1.50361	1.51318	1.50166	0.0
1266156000	1.50361	1.52338	1.53598	1.49117	0.0
1266159600	1.52338	1.51235	1.52484	1.5109	0.0
1266163200	1.51235	1.50841	1.51605	1.50471	0.0
1266166800	1.50841	1.52711	1.5284	1.50714	0.0
1266170400	1.52711	1.54182	1.54688	1.5221	0.0
1266174000	1.54182	1.52757	1.55178	1.5177	0.0
1266177600	1.52757	1.55837	1.57247	1.51375	0.0
1266181200	1.55837	1.53031	1.5603	1.52842	0.0
1266184800	1.53031	1.54647	1.55561	1.52127	0.0
1266188400	1.54647	1.53692	1.551	1.53242	0.0
1266192000	1.53692	1.54543	1.55191	1.53048	0.0
1266195600	1.54543	1.51915	1.54918	1.51546	0.0
1266199200	1.51915	1.54864	1.55722	1.51073	0.0
1266202800	1.54864	1.55023	1.55498	1.54389	0.0
1266206400	1.55023	1.55892	1.57203	1.53719	0.0
1266210000	1.55892	1.56371	1.5732	1.54945	0.0
1266213600	1.56371	1.54533	1.5728	1.53634	0.0
1266217200	1.54533	1.52769	1.54665	1.52639	0.0
1266220800	1.52769	1.49557	1.53584	1.48759	0.0
1266224400	1.49557	1.51185	1.52133	1.48619	0.0
1266228000	1.51185	1.54517	1.55154	1.50562	0.0
1266231600	1.54517	1.55173	1.55877	1.53815	0.0
1266235200	1.55173	1.55866	1.56316	1.54726	0.0
1266238800	1.55866	1.54967	1.5697	1.5387	0.0
1266242400	1.54967	1.53902	1.55304	1.53567	0.0
1266246000	1.53902	1.53423	1.55404	1.51926	0.0
1266249600	1.53423	1.536	1.55223	1.51802	0.0
1266253200	1.536	1.56169	1.56876	1.52904	0.0
1266256800	1.56169	1.56561	1.56954	1.55777	0.0
1266260400	1.56561	1.57795	1.58804	1.55561	0.0
1266264000	1.57795	1.57582	1.59684	1.55695	0.0
1266267600	1.57582	1.59024	1.59486	1.57123	0.0
1266271200	1.59024	1.59236	1.59342	1.58918	0.0
1266274800	1.59236	1.58255	1.60198	1.57299	0.0
1266278400	1.58255	1.56328	1.60064	1.54541	0.0
1266282000	1.56328	1.57017	1.57053	1.56293	0.0
1266285600	1.57017	1.5816	1.58474	1.56706	0.0
1266289200	1.5816	1.58659	1.58856	1.57964	0.0
1266292800	1.58659	1.5934	1.5972	1.5828	0.0
1266296400	1.5934	1.61019	1.61224	1.59137	0.0
1266300000	1.61019	1.60467	1.6151	1.59977	0.0
1266303600	1.60467	1.59273	1.6149	1.58257	0.0
1266307200	1.59273	1.58563	1.595	1.58337	0.0
1266310800	1.58563	1.62584	1.63344	1.57822	0.0
1266314400	1.62584	1.65981	1.66018	1.62547	0.0
1266318000	1.65981	1.68556	1.69561	1.6499	0.0
1266321600	1.68556	1.70554	1.71867	1.67258	0.0
1266325200	1.70554	1.72739	1.73319	1.69982	0.0
1266328800	1.72739	1.69375	1.73573	1.68557	0.0
1266332400	1.69375	1.71468	1.72748	1.68111	0.0
1266336000	1.71468	1.72255	1.73131	1.70597	0.0
1266339600	1.72255	1.70663	1.73071	1.69855	0.0
1266343200	1.70663	1.70304	1.70838	1.70129	0.0
1266346800	1.70304	1.67943	1.71496	1.66768	0.0
1266350400	1.67943	1.67428	1.6808	1.67292	0.0
1266354000	1.67428	1.68124	1.68409	1.67145	0.0
1266357600	1.68124	1.68642	1.69256	1.67512	0.0
1266361200	1.68642	1.68188	1.68662	1.68169	0.0
1266364800	1.68188	1.6911	1.69216	1.68082	0.0
1266368400	1.6911	1.66484	1.69427	1.66171	0.0
1266372000	1.66484	1.67286	1.68757	1.65019	0.0
1266375600	1.67286	1.66692	1.68604	1.65378	0.0
1266379200	1.66692	1.6839	1.6917	1.65919	0.0
1266382800	1.6839	1.67957	1.69065	1.67283	0.0
1266386400	1.67957	1.70493	1.71101	1.67358	0.0
1266390000	1.70493	1.69645	1.7073	1.6941	0.0
1266393600	1.69645	1.69759	1.698	1.69605	0.0
1266397200	1.69759	1.68566	1.70325	1.68004	0.0
1266400800	1.68566	1.70217	1.71085	1.67706	0.0
1266404400	1.70217	1.69979	1.70329	1.69867	0.0
1266408000	1.69979	1.73521	1.74562	1.68959	0.0
1266411600	1.73521	1.75987	1.7633	1.73182	0.0
1266415200	1.75987	1.76807	1.77767	1.75031	0.0
1266418800	1.76807	1.76863	1.78285	1.75385	0.0
1266422400	1.76863	1.72784	1.78613	1.71074	0.0
1266426000	1.72784	1.72531	1.7409	1.71226	0.0
1266429600	1.72531	1.7228	1.73104	1.71708	0.0
1266433200	1.7228	1.73433	1.73599	1.72116	0.0
1266436800	1.73433	1.75198	1.77221	1.71431	0.0
1266440400	1.75198	1.78846	1.79624	1.74435	0.0
1266444000	1.78846	1.79352	1.80704	1.77497	0.0
1266447600	1.79352	1.7781	1.81136	1.76041	0.0
1266451200	1.7781	1.82917	1.84029	1.76728	0.0
1266454800	1.82917	1.82065	1.83019	1.81963	0.0
1266458400	1.82065	1.83272	1.83744	1.81597	0.0
1266462000	1.83272	1.84713	1.8542	1.82571	0.0
1266465600	1.84713	1.84512	1.85321	1.83904	0.0
1266469200	1.84512	1.84578	1.85663	1.83427	0.0
1266472800	1.84578	1.84196	1.84638	1.84136	0.0
1266476400	1.84196	1.86073	1.86589	1.83686	0.0
1266480000	1.86073	1.83745	1.86533	1.83291	0.0
1266483600	1.83745	1.80428	1.85949	1.78264	0.0
1266487200	1.80428	1.83161	1.83225	1.80364	0.0
1266490800	1.83161	1.79887	1.83833	1.79227	0.0
1266494400	1.79887	1.81065	1.81261	1.79692	0.0
1266498000	1.81065	1.79182	1.81616	1.78637	0.0
1266501600	1.79182	1.8055	1.81938	1.77804	0.0
1266505200	1.8055	1.78099	1.80643	1.78008	0.0
1266508800	1.78099	1.79245	1.79559	1.77786	0.0
1266512400	1.79245	1.78797	1.79796	1.78247	0.0
1266516000	1.78797	1.78216	1.82366	1.74658	0.0
1266519600	1.78216	1.7915	1.80972	1.76403	0.0
1266523200	1.7915	1.80859	1.81595	1.78421	0.0
1266526800	1.80859	1.79822	1.82122	1.78566	0.0
1266530400	1.79822	1.8031	1.80537	1.79595	0.0
1266534000	1.8031	1.78347	1.80497	1.78162	0.0
1266537600	1.78347	1.75084	1.79506	1.73946	0.0
1266541200	1.75084	1.74874	1.75757	1.74201	0.0
1266544800	1.74874	1.76766	1.77014	1.74628	0.0
1266548400	1.76766	1.79572	1.7997	1.76374	0.0
1266552000	1.79572	1.7817	1.79928	1.77817	0.0
1266555600	1.7817	1.74996	1.7952	1.7367	0.0
1266559200	1.74996	1.76787	1.77919	1.73875	0.0
1266562800	1.76787	1.75461	1.78426	1.73833	0.0
1266566400	1.75461	1.76546	1.76836	1.75173	0.0
1266570000	1.76546	1.76181	1.76865	1.75863	0.0
1266573600	1.76181	1.76141	1.77853	1.74469	0.0
1266577200	1.76141	1.76297	1.77358	1.75081	0.0
1266580800	1.76297	1.77699	1.79137	1.74871	0.0
1266584400	1.77699	1.73746	1.78701	1.72766	0.0
1266588000	1.73746	1.74366	1.7467	1.73443	0.0
1266591600	1.74366	1.72456	1.7543	1.71404	0.0
1266595200	1.72456	1.70758	1.7257	1.70646	0.0
1266598800	1.70758	1.70818	1.71406	1.70171	0.0
1266602400	1.70818	1.69937	1.71818	1.68943	0.0
1266606000	1.69937	1.69031	1.70989	1.67984	0.0
1266609600	1.69031	1.72041	1.72254	1.68821	0.0
1266613200	1.72041	1.7596	1.77254	1.70776	0.0
1266616800	1.7596	1.75645	1.76352	1.75254	0.0
1266620400	1.75645	1.73205	1.76564	1.72299	0.0
1266624000	1.73205	1.68866	1.73235	1.68838	0.0
1266627600	1.68866	1.68427	1.70775	1.66523	0.0
1266631200	1.68427	1.69424	1.70272	1.67583	0.0
1266634800	1.69424	1.67101	1.69507	1.67019	0.0
1266638400	1.67101	1.66326	1.68155	1.65277	0.0
1266642000	1.66326	1.64502	1.6709	1.63747	0.0
1266645600	1.64502	1.64149	1.64649	1.64002	0.0
1266649200	1.64149	1.62738	1.64385	1.62504	0.0
1266652800	1.62738	1.66811	1.67955	1.61622	0.0
1266656400	1.66811	1.67327	1.68753	1.65389	0.0
1266660000	1.67327	1.66784	1.67766	1.66347	0.0
1266663600	1.66784	1.68376	1.68592	1.6657	0.0
1266667200	1.68376	1.68457	1.69041	1.67793	0.0
1266670800	1.68457	1.67162	1.69672	1.65956	0.0
1266674400	1.67162	1.72179	1.73895	1.65495	0.0
1266678000	1.72179	1.72591	1.74521	1.70254	0.0
1266681600	1.72591	1.75688	1.7622	1.72069	0.0
1266685200	1.75688	1.80593	1.80825	1.75462	0.0
1266688800	1.80593	1.79216	1.80824	1.78987	0.0
1266692400	1.79216	1.76608	1.81314	1.7454	0.0
1266696000	1.76608	1.76232	1.77832	1.75011	0.0
1266699600	1.76232	1.73769	1.77273	1.72743	0.0
1266703200	1.73769	1.75004	1.77327	1.71461	0.0
1266706800	1.75004	1.78142	1.78928	1.74231	0.0
1266710400	1.78142	1.77518	1.79068	1.76595	0.0
1266714000	1.77518	1.72025	1.7754	1.72003	0.0
1266717600	1.72025	1.715	1.72906	1.70622	0.0
1266721200	1.715	1.73686	1.7384	1.71348	0.0
1266724800	1.73686	1.73114	1.74211	1.72591	0.0
1266728400	1.73114	1.7405	1.74435	1.72732	0.0
1266732000	1.7405	1.76983	1.78046	1.73005	0.0
1266735600	1.76983	1.76812	1.77423	1.76373	0.0
1266739200	1.76812	1.76168	1.77234	1.75746	0.0
1266742800	1.76168	1.76773	1.78402	1.74544	0.0
1266746400	1.76773	1.76132	1.77579	1.75328	0.0
1266750000	1.76132	1.72372	1.76731	1.71785	0.0
1266753600	1.72372	1.75014	1.76048	1.71353	0.0
1266757200	1.75014	1.77101	1.78205	1.73922	0.0
1266760800	1.77101	1.77199	1.77567	1.76734	0.0
1266764400	1.77199	1.72509	1.77242	1.72468	0.0
1266768000	1.72509	1.73198	1.73204	1.72503	0.0
1266771600	1.73198	1.73186	1.74169	1.72214	0.0
1266775200	1.73186	1.75353	1.76792	1.71765	0.0
1266778800	1.75353	1.73301	1.77208	1.71468	0.0
1266782400	1.73301	1.78851	1.79422	1.72748	0.0
1266786000	1.78851	1.79038	1.79899	1.77992	0.0
1266789600	1.79038	1.79506	1.80539	1.78007	0.0
1266793200	1.79506	1.79621	1.80385	1.78742	0.0
1266796800	1.79621	1.79809	1.8172	1.77711	0.0
1266800400	1.79809	1.79075	1.81155	1.77735	0.0
1266804000	1.79075	1.80454	1.80571	1.78959	0.0
1266807600	1.80454	1.82583	1.83376	1.7967	0.0
1266811200	1.82583	1.84523	1.853	1.81815	0.0
1266814800	1.84523	1.85848	1.87037	1.83343	0.0
1266818400	1.85848	1.86308	1.86408	1.85749	0.0
1266822000	1.86308	1.88346	1.90003	1.84669	0.0
1266825600	1.88346	1.88198	1.89834	1.86711	0.0
1266829200	1.88198	1.85475	1.8866	1.85019	0.0
1266832800	1.85475	1.83231	1.85852	1.82858	0.0
1266836400	1.83231	1.85939	1.88264	1.8094	0.0
1266840000	1.85939	1.85941	1.87038	1.84842	0.0
1266843600	1.85941	1.87605	1.88829	1.84728	0.0
1266847200	1.87605	1.88268	1.88405	1.87468	0.0
1266850800	1.88268	1.86359	1.89277	1.8536	0.0
1266854400	1.86359	1.85524	1.87051	1.84835	0.0
1266858000	1.85524	1.87608	1.87952	1.85184	0.0
1266861600	1.87608	1.86539	1.88871	1.85283	0.0
1266865200	1.86539	1.87009	1.87129	1.86419	0.0
1266868800	1.87009	1.84242	1.8883	1.82448	0.0
1266872400	1.84242	1.83548	1.85198	1.82596	0.0
1266876000	1.83548	1.84107	1.84592	1.83064	0.0
1266879600	1.84107	1.84506	1.855	1.83114	0.0
1266883200	1.84506	1.85929	1.86541	1.83898	0.0
1266886800	1.85929	1.85672	1.87291	1.84311	0.0
1266890400	1.85672	1.84047	1.87407	1.82327	0.0
1266894000	1.84047	1.82909	1.84093	1.82863	0.0
1266897600	1.82909	1.84495	1.85466	1.81946	0.0
1266901200	1.84495	1.81101	1.86295	1.79335	0.0
1266904800	1.81101	1.81075	1.81374	1.80802	0.0
1266908400	1.81075	1.80098	1.81222	1.79952	0.0
1266912000	1.80098	1.76995	1.80224	1.76872	0.0
1266915600	1.76995	1.77679	1.78676	1.76001	0.0
1266919200	1.77679	1.78134	1.78243	1.77569	0.0
1266922800	1.78134	1.79821	1.799	1.78055	0.0
1266926400	1.79821	1.82937	1.84292	1.78489	0.0
1266930000	1.82937	1.83607	1.84225	1.82322	0.0
1266933600	1.83607	1.81084	1.85685	1.79034	0.0
1266937200	1.81084	1.80921	1.82807	1.792	0.0
1266940800	1.80921	1.80199	1.81525	1.79597	0.0
1266944400	1.80199	1.77376	1.80484	1.77095	0.0
1266948000	1.77376	1.72978	1.77695	1.72667	0.0
1266951600	1.72978	1.7311	1.73218	1.7287	0.0
1266955200	1.7311	1.72518	1.74003	1.71628	0.0
1266958800	1.72518	1.6911	1.73682	1.67969	0.0
1266962400	1.6911	1.69528	1.70928	1.67713	0.0
1266966000	1.69528	1.70524	1.72175	1.67886	0.0
1266969600	1.70524	1.71271	1.72644	1.69156	0.0
1266973200	1.71271	1.67537	1.71706	1.67112	0.0
1266976800	1.67537	1.65084	1.67797	1.64829	0.0
1266980400	1.65084	1.68746	1.69644	1.64206	0.0
1266984000	1.68746	1.71425	1.72559	1.67629	0.0
1266987600	1.71425	1.72866	1.75233	1.69078	0.0
1266991200	1.72866	1.75042	1.75422	1.72491	0.0
1266994800	1.75042	1.74271	1.75069	1.74244	0.0
1266998400	1.74271	1.72721	1.74908	1.72089	0.0
1267002000	1.72721	1.70155	1.73502	1.69386	0.0
1267005600	1.70155	1.71899	1.72385	1.69675	0.0
1267009200	1.71899	1.69194	1.73156	1.67957	0.0
1267012800	1.69194	1.7194	1.72655	1.68491	0.0
1267016400	1.7194	1.72153	1.72277	1.71816	0.0
1267020000	1.72153	1.68311	1.74356	1.66157	0.0
1267023600	1.68311	1.70746	1.7107	1.67992	0.0
1267027200	1.70746	1.68744	1.71694	1.67807	0.0
1267030800	1.68744	1.70127	1.71921	1.66964	0.0
1267034400	1.70127	1.68908	1.70794	1.68246	0.0
1267038000	1.68908	1.65799	1.7169	1.63069	0.0
1267041600	1.65799	1.634	1.68303	1.60932	0.0
1267045200	1.634	1.59517	1.63643	1.5928	0.0
1267048800	1.59517	1.59497	1.59695	1.59319	0.0
1267052400	1.59497	1.58578	1.61162	1.56923	0.0
1267056000	1.58578	1.6007	1.60961	1.57695	0.0
1267059600	1.6007	1.58312	1.60314	1.58071	0.0
1267063200	1.58312	1.58651	1.60002	1.56963	0.0
1267066800	1.58651	1.5929	1.59727	1.58215	0.0
1267070400	1.5929	1.5979	1.59914	1.59166	0.0
1267074000	1.5979	1.60399	1.60955	1.59236	0.0
1267077600	1.60399	1.60524	1.61422	1.59502	0.0
1267081200	1.60524	1.60065	1.61283	1.59308	0.0
1267084800	1.60065	1.59501	1.60533	1.59035	0.0
1267088400	1.59501	1.62014	1.63302	1.58233	0.0
1267092000	1.62014	1.67335	1.68413	1.60971	0.0
1267095600	1.67335	1.69584	1.70293	1.66635	0.0
1267099200	1.69584	1.67636	1.70497	1.66733	0.0
1267102800	1.67636	1.69664	1.69926	1.67378	0.0
1267106400	1.69664	1.69479	1.69866	1.69277	0.0
1267110000	1.69479	1.7006	1.71615	1.67929	0.0
1267113600	1.7006	1.67832	1.70911	1.66992	0.0
1267117200	1.67832	1.66234	1.68839	1.65237	0.0
1267120800	1.66234	1.66085	1.6758	1.64739	0.0
1267124400	1.66085	1.68528	1.69836	1.64795	0.0
1267128000	1.68528	1.67322	1.6894	1.66913	0.0
1267131600	1.67322	1.68419	1.69854	1.65897	0.0
1267135200	1.68419	1.65063	1.6988	1.63631	0.0
1267138800	1.65063	1.63177	1.65375	1.62869	0.0
1267142400	1.63177	1.61437	1.63752	1.60869	0.0
1267146000	1.61437	1.61771	1.63073	1.60137	0.0
1267149600	1.61771	1.65406	1.66007	1.61183	0.0
1267153200	1.65406	1.68168	1.69966	1.63638	0.0
1267156800	1.68168	1.70016	1.71151	1.67046	0.0
1267160400	1.70016	1.69318	1.71933	1.67409	0.0
1267164000	1.69318	1.68146	1.70754	1.66719	0.0
1267167600	1.68146	1.68424	1.68554	1.68016	0.0
1267171200	1.68424	1.72889	1.72948	1.68366	0.0
1267174800	1.72889	1.75174	1.7771	1.70387	0.0
1267178400	1.75174	1.7329	1.75488	1.72979	0.0
1267182000	1.7329	1.73969	1.75024	1.72238	0.0
1267185600	1.73969	1.74157	1.75628	1.72499	0.0
1267189200	1.74157	1.75844	1.76217	1.73787	0.0
1267192800	1.75844	1.74663	1.7655	1.73961	0.0
1267196400	1.74663	1.78126	1.81188	1.7166	0.0
1267200000	1.78126	1.81734	1.8241	1.77462	0.0
1267203600	1.81734	1.836	1.84084	1.81255	0.0
1267207200	1.836	1.78335	1.85648	1.76346	0.0
1267210800	1.78335	1.80795	1.81593	1.77548	0.0
1267214400	1.80795	1.79679	1.81447	1.79031	0.0
1267218000	1.79679	1.7689	1.81884	1.74719	0.0
1267221600	1.7689	1.76712	1.77681	1.75922	0.0
1267225200	1.76712	1.74498	1.77883	1.73342	0.0
1267228800	1.74498	1.77742	1.78737	1.73521	0.0
1267232400	1.77742	1.7802	1.78072	1.7769	0.0
1267236000	1.7802	1.78813	1.80165	1.76675	0.0
1267239600	1.78813	1.84138	1.86378	1.76638	0.0
1267243200	1.84138	1.88801	1.89282	1.83669	0.0
1267246800	1.88801	1.90692	1.91062	1.88434	0.0
1267250400	1.90692	1.92385	1.92736	1.90344	0.0
1267254000	1.92385	1.9713	1.9761	1.91916	0.0
1267257600	1.9713	1.93974	1.99647	1.91497	0.0
1267261200	1.93974	1.93527	1.95709	1.91797	0.0
1267264800	1.93527	1.91179	1.93759	1.9095	0.0
1267268400	1.91179	1.94843	1.9691	1.8915	0.0
1267272000	1.94843	1.9657	1.96942	1.94474	0.0
1267275600	1.9657	1.98076	1.99964	1.94696	0.0
1267279200	1.98076	1.96226	1.98122	1.9618	0.0
1267282800	1.96226	1.99053	1.99746	1.95543	0.0
1267286400	1.99053	1.98186	2.00151	1.97093	0.0
1267290000	1.98186	1.99762	2.00639	1.97316	0.0
1267293600	1.99762	2.02103	2.02463	1.99406	0.0
1267297200	2.02103	2.02632	2.03334	2.01404	0.0
1267300800	2.02632	2.02827	2.03129	2.02331	0.0
1267304400	2.02827	2.02855	2.04601	2.01081	0.0
1267308000	2.02855	2.03098	2.04214	2.0174	0.0
1267311600	2.03098	2.01746	2.03952	2.00897	0.0
1267315200	2.01746	1.99838	2.02494	1.99096	0.0
1267318800	1.99838	1.96698	2.02248	1.94325	0.0
1267322400	1.96698	1.95275	1.97758	1.94223	0.0
1267326000	1.95275	1.95175	1.95777	1.94673	0.0
1267329600	1.95175	1.93327	1.95277	1.93225	0.0
1267333200	1.93327	1.95653	1.96832	1.92162	0.0
1267336800	1.95653	2.00169	2.02008	1.93856	0.0
1267340400	2.00169	2.00198	2.03372	1.96997	0.0
1267344000	2.00198	1.9992	2.01236	1.98884	0.0
1267347600	1.9992	1.9995	2.01539	1.98332	0.0
1267351200	1.9995	1.99794	2.0	1.99744	0.0
1267354800	1.99794	2.01352	2.02732	1.98425	0.0
1267358400	2.01352	2.02716	2.04659	1.99422	0.0
1267362000	2.02716	2.05252	2.06051	2.01927	0.0
1267365600	2.05252	2.09308	2.09673	2.04894	0.0
1267369200	2.09308	2.0933	2.102	2.08438	0.0
1267372800	2.0933	2.11546	2.12056	2.08826	0.0
1267376400	2.11546	2.12134	2.12744	2.10937	0.0
1267380000	2.12134	2.11671	2.15402	2.0841	0.0
1267383600	2.11671	2.08713	2.12234	2.08157	0.0
1267387200	2.08713	2.08737	2.09595	2.07855	0.0
1267390800	2.08737	2.11313	2.11636	2.08418	0.0
1267394400	2.11313	2.13987	2.13987	2.11313	0.0
1267398000	2.13987	2.11714	2.14698	2.1101	0.0
1267401600	2.11714	2.10389	2.13207	2.08906	0.0
1267405200	2.10389	2.07677	2.10567	2.07501	0.0
1267408800	2.07677	2.13268	2.14623	2.06358	0.0
1267412400	2.13268	2.15091	2.15902	2.12463	0.0
1267416000	2.15091	2.17232	2.18287	2.14046	0.0
1267419600	2.17232	2.16995	2.19916	2.14314	0.0
1267423200	2.16995	2.17732	2.1865	2.1608	0.0
1267426800	2.17732	2.17388	2.17863	2.17257	0.0
1267430400	2.17388	2.20172	2.22183	2.15402	0.0
1267434000	2.20172	2.17731	2.22479	2.15449	0.0
1267437600	2.17731	2.1788	2.1883	2.16782	0.0
1267441200	2.1788	2.18792	2.20005	2.16673	0.0
1267444800	2.18792	2.18908	2.19304	2.18397	0.0
1267448400	2.18908	2.18884	2.19713	2.18079	0.0
1267452000	2.18884	2.25399	2.25775	2.18519	0.0
1267455600	2.25399	2.24504	2.25864	2.24042	0.0
1267459200	2.24504	2.27882	2.30958	2.21475	0.0
1267462800	2.27882	2.27656	2.28432	2.27107	0.0
1267466400	2.27656	2.28159	2.28427	2.27388	0.0
1267470000	2.28159	2.25797	2.30548	2.23432	0.0
1267473600	2.25797	2.24669	2.26729	2.23742	0.0
1267477200	2.24669	2.21534	2.26406	2.19822	0.0
1267480800	2.21534	2.19514	2.21941	2.19111	0.0
1267484400	2.19514	2.22316	2.23637	2.18209	0.0
1267488000	2.22316	2.25817	2.26952	2.21199	0.0
1267491600	2.25817	2.27439	2.28712	2.24553	0.0
1267495200	2.27439	2.23257	2.28314	2.22398	0.0
1267498800	2.23257	2.19593	2.23493	2.1936	0.0
1267502400	2.19593	2.14282	2.20058	2.13828	0.0
1267506000	2.14282	2.1575	2.17226	2.12816	0.0
1267509600	2.1575	2.14243	2.15829	2.14165	0.0
1267513200	2.14243	2.14438	2.15574	2.13109	0.0
1267516800	2.14438	2.17543	2.19276	2.1273	0.0
1267520400	2.17543	2.1643	2.18457	2.15521	0.0
1267524000	2.1643	2.19496	2.21666	2.1429	0.0
1267527600	2.19496	2.19152	2.20074	2.18575	0.0
1267531200	2.19152	2.22433	2.23437	2.18162	0.0
1267534800	2.22433	2.21095	2.23455	2.20079	0.0
1267538400	2.21095	2.21124	2.22494	2.19725	0.0
1267542000	2.21124	2.16026	2.21314	2.1584	0.0
1267545600	2.16026	2.18962	2.19207	2.15784	0.0
1267549200	2.18962	2.14522	2.19141	2.14347	0.0
1267552800	2.14522	2.13054	2.1479	2.12788	0.0
1267556400	2.13054	2.1157	2.15118	2.0952	0.0
1267560000	2.1157	2.15309	2.16279	2.10617	0.0
1267563600	2.15309	2.13207	2.16928	2.11604	0.0
1267567200	2.13207	2.14076	2.14095	2.13188	0.0
1267570800	2.14076	2.14906	2.15892	2.13095	0.0
1267574400	2.14906	2.15848	2.16166	2.1459	0.0
1267578000	2.15848	2.114	2.1748	2.09801	0.0
1267581600	2.114	2.1323	2.15479	2.09169	0.0
1267585200	2.1323	2.14893	2.16146	2.11986	0.0
1267588800	2.14893	2.12268	2.15187	2.11977	0.0
1267592400	2.12268	2.15116	2.16196	2.11202	0.0
1267596000	2.15116	2.16178	2.17039	2.14259	0.0
1267599600	2.16178	2.12657	2.17476	2.1138	0.0
1267603200	2.12657	2.13135	2.14545	2.11249	0.0
1267606800	2.13135	2.20036	2.21075	2.12128	0.0
1267610400	2.20036	2.24127	2.26019	2.18178	0.0
1267614000	2.24127	2.23471	2.24312	2.23287	0.0
1267617600	2.23471	2.26105	2.26728	2.22856	0.0
1267621200	2.26105	2.25218	2.28786	2.22547	0.0
1267624800	2.25218	2.27329	2.27722	2.24828	0.0
1267628400	2.27329	2.28482	2.29608	2.26209	0.0
1267632000	2.28482	2.24397	2.30762	2.22158	0.0
1267635600	2.24397	2.28134	2.28438	2.24097	0.0
1267639200	2.28134	2.24211	2.28978	2.23382	0.0
1267642800	2.24211	2.2587	2.26835	2.23253	0.0
1267646400	2.2587	2.28839	2.31612	2.23133	0.0
1267650000	2.28839	2.34766	2.35688	2.27941	0.0
1267653600	2.34766	2.36723	2.3943	2.32082	0.0
1267657200	2.36723	2.32573	2.37196	2.32109	0.0
1267660800	2.32573	2.33567	2.33723	2.32417	0.0
1267664400	2.33567	2.35035	2.35455	2.3315	0.0
1267668000	2.35035	2.34559	2.35218	2.34377	0.0
1267671600	2.34559	2.36543	2.38382	2.32736	0.0
1267675200	2.36543	2.38333	2.39362	2.35522	0.0
1267678800	2.38333	2.39011	2.4198	2.35373	0.0
1267682400	2.39011	2.36503	2.40227	2.353	0.0
1267686000	2.36503	2.3469	2.37799	2.33405	0.0
1267689600	2.3469	2.35103	2.35669	2.34125	0.0
1267693200	2.35103	2.33629	2.36556	2.32186	0.0
1267696800	2.33629	2.30893	2.34616	2.29918	0.0
1267700400	2.30893	2.30764	2.32088	2.29569	0.0
1267704000	2.30764	2.2821	2.32879	2.26119	0.0
1267707600	2.2821	2.29396	2.29463	2.28144	0.0
1267711200	2.29396	2.25993	2.30761	2.24649	0.0
1267714800	2.25993	2.26873	2.27437	2.25431	0.0
1267718400	2.26873	2.26908	2.27869	2.25912	0.0
1267722000	2.26908	2.27093	2.27932	2.26069	0.0
1267725600	2.27093	2.29703	2.3328	2.23557	0.0
1267729200	2.29703	2.2951	2.30834	2.28379	0.0
1267732800	2.2951	2.27199	2.30693	2.26027	0.0
1267736400	2.27199	2.25537	2.27533	2.25205	0.0
1267740000	2.25537	2.23709	2.25913	2.23335	0.0
1267743600	2.23709	2.23352	2.24406	2.22656	0.0
1267747200	2.23352	2.21744	2.2353	2.21568	0.0
1267750800	2.21744	2.25677	2.28302	2.19164	0.0
1267754400	2.25677	2.25504	2.25918	2.25263	0.0
1267758000	2.25504	2.28828	2.29102	2.25234	0.0
1267761600	2.28828	2.29117	2.29859	2.28087	0.0
1267765200	2.29117	2.31562	2.31774	2.28907	0.0
1267768800	2.31562	2.30869	2.33234	2.29202	0.0
1267772400	2.30869	2.31799	2.32675	2.29997	0.0
1267776000	2.31799	2.35384	2.35398	2.31785	0.0
1267779600	2.35384	2.36158	2.36837	2.34707	0.0
1267783200	2.36158	2.32093	2.36635	2.31625	0.0
1267786800	2.32093	2.33291	2.33776	2.3161	0.0
1267790400	2.33291	2.35066	2.37503	2.30871	0.0
1267794000	2.35066	2.29653	2.35588	2.29142	0.0
1267797600	2.29653	2.324	2.33625	2.28442	0.0
1267801200	2.324	2.2859	2.32621	2.28372	0.0
1267804800	2.2859	2.28244	2.29511	2.27324	0.0
1267808400	2.28244	2.25006	2.28516	2.24738	0.0
1267812000	2.25006	2.20109	2.25637	2.19493	0.0
1267815600	2.20109	2.22349	2.22803	2.1966	0.0
1267819200	2.22349	2.17311	2.24202	2.155	0.0
1267822800	2.17311	2.1825	2.20827	2.14745	0.0
1267826400	2.1825	2.13787	2.18345	2.13694	0.0
1267830000	2.13787	2.15151	2.15305	2.13633	0.0
1267833600	2.15151	2.18624	2.19578	2.14212	0.0
1267837200	2.18624	2.18005	2.18673	2.17956	0.0
1267840800	2.18005	2.18485	2.19538	2.16954	0.0
1267844400	2.18485	2.198	2.21507	2.16788	0.0
1267848000	2.198	2.1719	2.1981	2.17181	0.0
1267851600	2.1719	2.19075	2.19719	2.16552	0.0
1267855200	2.19075	2.18691	2.19498	2.18269	0.0
1267858800	2.18691	2.18945	2.20056	2.17581	0.0
1267862400	2.18945	2.18693	2.20051	2.17588	0.0
1267866000	2.18693	2.21842	2.22351	2.1819	0.0
1267869600	2.21842	2.21986	2.22868	2.2096	0.0
1267873200	2.21986	2.20039	2.23506	2.18531	0.0
1267876800	2.20039	2.22998	2.24316	2.18738	0.0
1267880400	2.22998	2.21716	2.23151	2.21564	0.0
1267884000	2.21716	2.20642	2.23071	2.19294	0.0
1267887600	2.20642	2.22173	2.26509	2.16336	0.0
1267891200	2.22173	2.21664	2.22288	2.21549	0.0
1267894800	2.21664	2.17888	2.22832	2.16739	0.0
1267898400	2.17888	2.18189	2.18448	2.17629	0.0
1267902000	2.18189	2.15231	2.18475	2.14949	0.0
1267905600	2.15231	2.14569	2.17515	2.12292	0.0
1267909200	2.14569	2.14294	2.15702	2.13162	0.0
1267912800	2.14294	2.08503	2.15579	2.07253	0.0
1267916400	2.08503	2.09155	2.09528	2.08131	0.0
1267920000	2.09155	2.0773	2.10705	2.0619	0.0
1267923600	2.0773	2.09835	2.10108	2.07459	0.0
1267927200	2.09835	2.08502	2.10489	2.07852	0.0
1267930800	2.08502	2.09547	2.10273	2.0778	0.0
1267934400	2.09547	2.12772	2.14107	2.08231	0.0
1267938000	2.12772	2.12779	2.14311	2.1124	0.0
1267941600	2.12779	2.11586	2.13628	2.10742	0.0
1267945200	2.11586	2.07947	2.12654	2.06897	0.0
1267948800	2.07947	2.04839	2.09327	2.0348	0.0
1267952400	2.04839	2.08305	2.08645	2.04505	0.0
1267956000	2.08305	2.09516	2.10365	2.07461	0.0
1267959600	2.09516	2.08625	2.12081	2.06072	0.0
1267963200	2.08625	2.10012	2.12266	2.06386	0.0
1267966800	2.10012	2.06346	2.10308	2.06055	0.0
1267970400	2.06346	2.07159	2.08236	2.05274	0.0
1267974000	2.07159	2.05863	2.08041	2.04987	0.0
1267977600	2.05863	2.08255	2.09599	2.04535	0.0
1267981200	2.08255	2.09346	2.09894	2.07709	0.0
1267984800	2.09346	2.07864	2.11204	2.06019	0.0
1267988400	2.07864	2.05729	2.09363	2.04245	0.0
1267992000	2.05729	2.0586	2.06236	2.05354	0.0
1267995600	2.0586	2.05277	2.07207	2.03934	0.0
1267999200	2.05277	2.09478	2.10389	2.04384	0.0
1268002800	2.09478	2.09359	2.10441	2.08396	0.0
1268006400	2.09359	2.08541	2.09666	2.08235	0.0
1268010000	2.08541	2.08766	2.11274	2.06036	0.0
1268013600	2.08766	2.12617	2.13804	2.07601	0.0
1268017200	2.12617	2.13487	2.13746	2.12358	0.0
1268020800	2.13487	2.12048	2.14072	2.11466	0.0
1268024400	2.12048	2.1356	2.1573	2.09893	0.0
1268028000	2.1356	2.08735	2.15416	2.0692	0.0
1268031600	2.08735	2.10045	2.10411	2.08372	0.0
1268035200	2.10045	2.08851	2.10336	2.08563	0.0
1268038800	2.08851	2.07717	2.09397	2.07174	0.0
1268042400	2.07717	2.077	2.07923	2.07494	0.0
1268046000	2.077	2.09379	2.11436	2.0566	0.0
1268049600	2.09379	2.09746	2.09977	2.09149	0.0
1268053200	2.09746	2.13106	2.13379	2.09478	0.0
1268056800	2.13106	2.04027	2.14357	2.0283	0.0
1268060400	2.04027	2.03041	2.04402	2.02668	0.0
1268064000	2.03041	1.99093	2.04047	1.98107	0.0
1268067600	1.99093	2.0087	2.0145	1.98519	0.0
1268071200	2.0087	1.99065	2.01613	1.9833	0.0
1268074800	1.99065	1.98332	2.00214	1.97187	0.0
1268078400	1.98332	1.99084	2.00138	1.97282	0.0
1268082000	1.99084	1.98927	2.00725	1.97288	0.0
1268085600	1.98927	1.96469	1.99105	1.96293	0.0
1268089200	1.96469	1.96547	1.97724	1.95294	0.0
1268092800	1.96547	1.97827	1.98248	1.9613	0.0
1268096400	1.97827	1.96426	1.97997	1.96257	0.0
1268100000	1.96426	1.95055	1.97379	1.94109	0.0
1268103600	1.95055	1.94446	1.95721	1.93782	0.0
1268107200	1.94446	1.953	1.96836	1.92917	0.0
1268110800	1.953	1.90584	1.95915	1.89983	0.0
1268114400	1.90584	1.88501	1.90966	1.88123	0.0
1268118000	1.88501	1.91426	1.92122	1.87816	0.0
1268121600	1.91426	1.92964	1.93977	1.90421	0.0
1268125200	1.92964	1.9564	1.96223	1.92389	0.0
1268128800	1.9564	1.93638	1.96567	1.92721	0.0
1268132400	1.93638	1.94187	1.94953	1.92874	0.0
1268136000	1.94187	1.94661	1.95201	1.93648	0.0
1268139600	1.94661	1.95265	1.95496	1.9443	0.0
1268143200	1.95265	1.91283	1.97253	1.89335	0.0
1268146800	1.91283	1.92058	1.93489	1.89858	0.0
1268150400	1.92058	1.92913	1.93109	1.91863	0.0
1268154000	1.92913	1.94686	1.95298	1.92308	0.0
1268157600	1.94686	1.90356	1.9476	1.90284	0.0
1268161200	1.90356	1.94406	1.94523	1.90241	0.0
1268164800	1.94406	1.96387	1.96836	1.93962	0.0
1268168400	1.96387	1.98262	1.99142	1.95516	0.0
1268172000	1.98262	1.93062	1.99724	1.91639	0.0
1268175600	1.93062	1.93208	1.93549	1.92722	0.0
1268179200	1.93208	1.92167	1.93698	1.9168	0.0
1268182800	1.92167	1.94273	1.94312	1.92128	0.0
1268186400	1.94273	1.95024	1.95955	1.93345	0.0
1268190000	1.95024	1.96562	1.96679	1.94908	0.0
1268193600	1.96562	1.97999	1.98162	1.964	0.0
1268197200	1.97999	1.96867	1.98527	1.96342	0.0
1268200800	1.96867	1.99069	2.01444	1.94519	0.0
1268204400	1.99069	2.01361	2.01584	1.98849	0.0
1268208000	2.01361	2.05934	2.06816	2.00498	0.0
1268211600	2.05934	2.04757	2.0627	2.04423	0.0
1268215200	2.04757	2.02945	2.05024	2.0268	0.0
1268218800	2.02945	2.01565	2.03957	2.0056	0.0
1268222400	2.01565	2.04199	2.06219	1.99571	0.0
1268226000	2.04199	2.05825	2.06406	2.03622	0.0
1268229600	2.05825	2.04979	2.09214	2.01605	0.0
1268233200	2.04979	2.0579	2.06113	2.04657	0.0
1268236800	2.0579	2.06004	2.06419	2.05376	0.0
1268240400	2.06004	2.0777	2.09759	2.04032	0.0
1268244000	2.0777	2.0896	2.10841	2.05899	0.0
1268247600	2.0896	2.08625	2.09024	2.08561	0.0
1268251200	2.08625	2.03542	2.09372	2.02813	0.0
1268254800	2.03542	2.04089	2.04698	2.02934	0.0
1268258400	2.04089	2.06007	2.06444	2.03657	0.0
1268262000	2.06007	2.02113	2.06637	2.01495	0.0
1268265600	2.02113	2.02481	2.02687	2.01907	0.0
1268269200	2.02481	2.05454	2.08091	1.99882	0.0
1268272800	2.05454	2.0602	2.07727	2.03752	0.0
1268276400	2.0602	2.12074	2.13248	2.0488	0.0
1268280000	2.12074	2.11769	2.14089	2.09757	0.0
1268283600	2.11769	2.08349	2.12328	2.07799	0.0
1268287200	2.08349	2.12224	2.13812	2.0679	0.0
1268290800	2.12224	2.10091	2.12759	2.09561	0.0
1268294400	2.10091	2.10576	2.11548	2.09122	0.0
1268298000	2.10576	2.09148	2.1083	2.08895	0.0
1268301600	2.09148	2.08023	2.10142	2.07034	0.0
1268305200	2.08023	2.04968	2.08391	2.04605	0.0
1268308800	2.04968	2.02398	2.06197	2.01184	0.0
1268312400	2.02398	1.99082	2.03283	1.98211	0.0
1268316000	1.99082	2.01637	2.01875	1.98847	0.0
1268319600	2.01637	2.04116	2.04396	2.01361	0.0
1268323200	2.04116	2.04461	2.05061	2.03517	0.0
1268326800	2.04461	2.08699	2.08747	2.04415	0.0
1268330400	2.08699	2.07218	2.09149	2.06771	0.0
1268334000	2.07218	2.10521	2.10917	2.06828	0.0
1268337600	2.10521	2.10522	2.12136	2.08907	0.0
1268341200	2.10522	2.15106	2.16849	2.08816	0.0
1268344800	2.15106	2.13303	2.15843	2.12572	0.0
1268348400	2.13303	2.13545	2.13696	2.13152	0.0
1268352000	2.13545	2.11079	2.14239	2.10394	0.0
1268355600	2.11079	2.12854	2.1402	2.09923	0.0
1268359200	2.12854	2.08577	2.1404	2.07416	0.0
1268362800	2.08577	2.09923	2.10881	2.07625	0.0
1268366400	2.09923	2.11285	2.1204	2.09174	0.0
1268370000	2.11285	2.16824	2.16838	2.11271	0.0
1268373600	2.16824	2.1704	2.19802	2.14064	0.0
1268377200	2.1704	2.14025	2.17327	2.13741	0.0
1268380800	2.14025	2.11511	2.15341	2.1021	0.0
1268384400	2.11511	2.11429	2.12403	2.10538	0.0
1268388000	2.11429	2.16091	2.16542	2.10988	0.0
1268391600	2.16091	2.2003	2.21503	2.14645	0.0
1268395200	2.2003	2.19935	2.21417	2.18549	0.0
1268398800	2.19935	2.21415	2.22236	2.1912	0.0
1268402400	2.21415	2.21935	2.22691	2.20661	0.0
1268406000	2.21935	2.23299	2.23835	2.21402	0.0
1268409600	2.23299	2.2551	2.25814	2.22998	0.0
1268413200	2.2551	2.22789	2.25659	2.22642	0.0
1268416800	2.22789	2.20888	2.23428	2.20254	0.0
1268420400	2.20888	2.22424	2.22546	2.20766	0.0
1268424000	2.22424	2.21937	2.23879	2.20485	0.0
1268427600	2.21937	2.25318	2.26526	2.20747	0.0
1268431200	2.25318	2.2845	2.2884	2.24933	0.0
1268434800	2.2845	2.26641	2.29194	2.25903	0.0
1268438400	2.26641	2.32262	2.32898	2.26021	0.0
1268442000	2.32262	2.30922	2.32602	2.30583	0.0
1268445600	2.30922	2.29906	2.32587	2.28248	0.0
1268449200	2.29906	2.34408	2.3504	2.29286	0.0
1268452800	2.34408	2.31672	2.35925	2.30172	0.0
1268456400	2.31672	2.27301	2.32652	2.26339	0.0
1268460000	2.27301	2.26849	2.30174	2.23981	0.0
1268463600	2.26849	2.27221	2.27839	2.26232	0.0
1268467200	2.27221	2.27962	2.30358	2.24833	0.0
1268470800	2.27962	2.30474	2.30746	2.27693	0.0
1268474400	2.30474	2.21684	2.31012	2.21167	0.0
1268478000	2.21684	2.18607	2.21735	2.18557	0.0
1268481600	2.18607	2.14434	2.19596	2.13464	0.0
1268485200	2.14434	2.12835	2.15218	2.12057	0.0
1268488800	2.12835	2.10831	2.14467	2.09215	0.0
1268492400	2.10831	2.13451	2.14747	2.09552	0.0
1268496000	2.13451	2.15298	2.15937	2.12819	0.0
1268499600	2.15298	2.11112	2.18391	2.0808	0.0
1268503200	2.11112	2.10423	2.11344	2.10192	0.0
1268506800	2.10423	2.12004	2.13905	2.08536	0.0
1268510400	2.12004	2.15815	2.16445	2.11386	0.0
1268514000	2.15815	2.17342	2.19939	2.13236	0.0
1268517600	2.17342	2.17625	2.1813	2.16837	0.0
1268521200	2.17625	2.11722	2.18716	2.10661	0.0
1268524800	2.11722	2.15408	2.15479	2.11653	0.0
1268528400	2.15408	2.15743	2.15942	2.15209	0.0
1268532000	2.15743	2.15619	2.16084	2.15279	0.0
1268535600	2.15619	2.15665	2.17535	2.13749	0.0
1268539200	2.15665	2.13963	2.17485	2.12157	0.0
1268542800	2.13963	2.18773	2.18848	2.1389	0.0
1268546400	2.18773	2.17868	2.1975	2.16895	0.0
1268550000	2.17868	2.18284	2.18515	2.17637	0.0
1268553600	2.18284	2.14618	2.18968	2.13945	0.0
1268557200	2.14618	2.12198	2.15571	2.11256	0.0
1268560800	2.12198	2.1363	2.13663	2.12165	0.0
1268564400	2.1363	2.11612	2.13808	2.11435	0.0
1268568000	2.11612	2.12158	2.14955	2.08822	0.0
1268571600	2.12158	2.14003	2.16289	2.09891	0.0
1268575200	2.14003	2.14972	2.16659	2.12323	0.0
1268578800	2.14972	2.16698	2.17283	2.14391	0.0
1268582400	2.16698	2.13475	2.17859	2.1233	0.0
1268586000	2.13475	2.18487	2.18842	2.13128	0.0
1268589600	2.18487	2.18546	2.20832	2.16201	0.0
1268593200	2.18546	2.25443	2.2793	2.16134	0.0
1268596800	2.25443	2.18267	2.26314	2.17424	0.0
1268600400	2.18267	2.16087	2.19393	2.14972	0.0
1268604000	2.16087	2.16084	2.16533	2.15638	0.0
1268607600	2.16084	2.14951	2.17509	2.13534	0.0
1268611200	2.14951	2.15678	2.17567	2.13068	0.0
1268614800	2.15678	2.17472	2.1847	2.14689	0.0
1268618400	2.17472	2.18338	2.19314	2.165	0.0
1268622000	2.18338	2.211	2.21957	2.17491	0.0
1268625600	2.211	2.19664	2.23849	2.16933	0.0
1268629200	2.19664	2.20139	2.20511	2.19292	0.0
1268632800	2.20139	2.1987	2.22221	2.1779	0.0
1268636400	2.1987	2.20126	2.2108	2.18917	0.0
1268640000	2.20126	2.20519	2.22524	2.18125	0.0
1268643600	2.20519	2.19371	2.22039	2.17859	0.0
1268647200	2.19371	2.20145	2.20974	2.18545	0.0
1268650800	2.20145	2.22627	2.23224	2.19554	0.0
1268654400	2.22627	2.22922	2.24272	2.21277	0.0
1268658000	2.22922	2.29399	2.30337	2.2201	0.0
1268661600	2.29399	2.27958	2.3043	2.26934	0.0
1268665200	2.27958	2.2762	2.29857	2.25724	0.0
1268668800	2.2762	2.29633	2.30399	2.2686	0.0
1268672400	2.29633	2.31822	2.33088	2.28379	0.0
1268676000	2.31822	2.32287	2.3357	2.30542	0.0
1268679600	2.32287	2.34793	2.349	2.32182	0.0
1268683200	2.34793	2.30792	2.37063	2.2856	0.0
1268686800	2.30792	2.2817	2.32604	2.26378	0.0
1268690400	2.2817	2.2977	2.30998	2.26951	0.0
1268694000	2.2977	2.27844	2.31662	2.25968	0.0
1268697600	2.27844	2.27119	2.28855	2.26111	0.0
1268701200	2.27119	2.27619	2.28399	2.2634	0.0
1268704800	2.27619	2.247	2.28598	2.23734	0.0
1268708400	2.247	2.28145	2.28746	2.24109	0.0
1268712000	2.28145	2.29328	2.3232	2.25169	0.0
1268715600	2.29328	2.28487	2.30957	2.26865	0.0
1268719200	2.28487	2.2709	2.2917	2.26412	0.0
1268722800	2.2709	2.28941	2.29068	2.26964	0.0
1268726400	2.28941	2.27241	2.2941	2.26775	0.0
1268730000	2.27241	2.29175	2.30512	2.25915	0.0
1268733600	2.29175	2.29616	2.3153	2.27264	0.0
1268737200	2.29616	2.30209	2.3024	2.29585	0.0
1268740800	2.30209	2.29203	2.30999	2.28417	0.0
1268744400	2.29203	2.33488	2.34	2.28701	0.0
1268748000	2.33488	2.35367	2.36634	2.32231	0.0
1268751600	2.35367	2.34004	2.3666	2.32718	0.0
1268755200	2.34004	2.3605	2.37256	2.32808	0.0
1268758800	2.3605	2.30271	2.36178	2.30146	0.0
1268762400	2.30271	2.34686	2.35276	2.29693	0.0
1268766000	2.34686	2.35641	2.36995	2.33338	0.0
1268769600	2.35641	2.33331	2.36306	2.32673	0.0
1268773200	2.33331	2.38514	2.39873	2.32001	0.0
1268776800	2.38514	2.3495	2.38959	2.34511	0.0
1268780400	2.3495	2.35982	2.36682	2.34252	0.0
1268784000	2.35982	2.38612	2.40204	2.34407	0.0
1268787600	2.38612	2.3926	2.40118	2.37756	0.0
1268791200	2.3926	2.40516	2.40907	2.38872	0.0
1268794800	2.40516	2.35245	2.40921	2.3485	0.0
1268798400	2.35245	2.37983	2.38644	2.34592	0.0
1268802000	2.37983	2.33913	2.38479	2.33425	0.0
1268805600	2.33913	2.35219	2.36631	2.32508	0.0
1268809200	2.35219	2.36291	2.37616	2.33899	0.0
1268812800	2.36291	2.3458	2.36898	2.33976	0.0
1268816400	2.3458	2.35528	2.36218	2.33892	0.0
1268820000	2.35528	2.32819	2.35843	2.32507	0.0
1268823600	2.32819	2.34252	2.35426	2.31652	0.0
1268827200	2.34252	2.37479	2.40427	2.31345	0.0
1268830800	2.37479	2.34994	2.3785	2.34627	0.0
1268834400	2.34994	2.37743	2.38407	2.34338	0.0
1268838000	2.37743	2.38926	2.4005	2.36625	0.0
1268841600	2.38926	2.41312	2.42052	2.38193	0.0
1268845200	2.41312	2.36367	2.41625	2.36061	0.0
1268848800	2.36367	2.35827	2.38491	2.33708	0.0
1268852400	2.35827	2.39198	2.40219	2.34821	0.0
1268856000	2.39198	2.43213	2.44272	2.38157	0.0
1268859600	2.43213	2.4451	2.44653	2.43071	0.0
1268863200	2.4451	2.46011	2.46465	2.44058	0.0
1268866800	2.46011	2.43597	2.47849	2.41777	0.0
1268870400	2.43597	2.41474	2.44895	2.40187	0.0
1268874000	2.41474	2.38979	2.4181	2.38647	0.0
1268877600	2.38979	2.36592	2.39495	2.36081	0.0
1268881200	2.36592	2.41688	2.42995	2.35313	0.0
1268884800	2.41688	2.41419	2.4195	2.41157	0.0
1268888400	2.41419	2.46537	2.47558	2.40419	0.0
1268892000	2.46537	2.4711	2.4837	2.4528	0.0
1268895600	2.4711	2.49017	2.50571	2.45568	0.0
1268899200	2.49017	2.47019	2.50334	2.45713	0.0
1268902800	2.47019	2.53495	2.5468	2.45864	0.0
1268906400	2.53495	2.59037	2.59823	2.52726	0.0
1268910000	2.59037	2.61273	2.63748	2.56583	0.0
1268913600	2.61273	2.63143	2.64859	2.59569	0.0
1268917200	2.63143	2.65979	2.68011	2.61133	0.0
1268920800	2.65979	2.68948	2.70912	2.64037	0.0
1268924400	2.68948	2.66876	2.69009	2.66816	0.0
1268928000	2.66876	2.63345	2.6821	2.62029	0.0
1268931600	2.63345	2.66817	2.67169	2.62997	0.0
1268935200	2.66817	2.70883	2.71074	2.66629	0.0
1268938800	2.70883	2.70409	2.71999	2.69296	0.0
1268942400	2.70409	2.73242	2.73412	2.70241	0.0
1268946000	2.73242	2.73797	2.7385	2.73189	0.0
1268949600	2.73797	2.73444	2.74044	2.73197	0.0
1268953200	2.73444	2.7349	2.74841	2.72093	0.0
1268956800	2.7349	2.6779	2.74105	2.67187	0.0
1268960400	2.6779	2.68896	2.71531	2.65166	0.0
1268964000	2.68896	2.67553	2.70092	2.66363	0.0
1268967600	2.67553	2.74777	2.75456	2.66892	0.0
1268971200	2.74777	2.73174	2.76995	2.70969	0.0
1268974800	2.73174	2.75643	2.75761	2.73058	0.0
1268978400	2.75643	2.75038	2.77951	2.72735	0.0
1268982000	2.75038	2.78544	2.79558	2.74037	0.0
1268985600	2.78544	2.81841	2.82229	2.78161	0.0
1268989200	2.81841	2.8149	2.82252	2.81079	0.0
1268992800	2.8149	2.80194	2.8154	2.80143	0.0
1268996400	2.80194	2.80652	2.8111	2.79736	0.0
1269000000	2.80652	2.80447	2.81766	2.79334	0.0
1269003600	2.80447	2.7297	2.81672	2.71778	0.0
1269007200	2.7297	2.68692	2.73653	2.6802	0.0
1269010800	2.68692	2.70225	2.72155	2.66773	0.0
1269014400	2.70225	2.71782	2.73174	2.6884	0.0
1269018000	2.71782	2.65698	2.72609	2.64889	0.0
1269021600	2.65698	2.67098	2.69296	2.63511	0.0
1269025200	2.67098	2.6646	2.67436	2.66123	0.0
1269028800	2.6646	2.60138	2.6648	2.60119	0.0
1269032400	2.60138	2.57339	2.62946	2.54561	0.0
1269036000	2.57339	2.54996	2.5786	2.5448	0.0
1269039600	2.54996	2.53684	2.57964	2.50732	0.0
1269043200	2.53684	2.53398	2.54906	2.52177	0.0
1269046800	2.53398	2.57372	2.58781	2.52011	0.0
1269050400	2.57372	2.53949	2.57503	2.5382	0.0
1269054000	2.53949	2.54406	2.5449	2.53865	0.0
1269057600	2.54406	2.5618	2.57637	2.52958	0.0
1269061200	2.5618	2.57956	2.59193	2.54951	0.0
1269064800	2.57956	2.60759	2.63482	2.55263	0.0
1269068400	2.60759	2.62979	2.65648	2.58114	0.0
1269072000	2.62979	2.65006	2.66356	2.6164	0.0
1269075600	2.65006	2.68799	2.70496	2.63333	0.0
1269079200	2.68799	2.67929	2.68865	2.67862	0.0
1269082800	2.67929	2.64305	2.68221	2.64018	0.0
1269086400	2.64305	2.64955	2.66611	2.62654	0.0
1269090000	2.64955	2.62986	2.65695	2.62252	0.0
1269093600	2.62986	2.6599	2.66848	2.62137	0.0
1269097200	2.6599	2.62601	2.66334	2.62262	0.0
1269100800	2.62601	2.62377	2.63035	2.61943	0.0
1269104400	2.62377	2.62936	2.63965	2.6135	0.0
1269108000	2.62936	2.64682	2.65113	2.62508	0.0
1269111600	2.64682	2.65436	2.67194	2.62929	0.0
1269115200	2.65436	2.60303	2.68858	2.56947	0.0
1269118800	2.60303	2.57112	2.61466	2.55963	0.0
1269122400	2.57112	2.54988	2.58354	2.53756	0.0
1269126000	2.54988	2.55221	2.57815	2.52397	0.0
1269129600	2.55221	2.55522	2.56554	2.54191	0.0
1269133200	2.55522	2.55208	2.56063	2.54668	0.0
1269136800	2.55208	2.55839	2.56423	2.54625	0.0
1269140400	2.55839	2.57457	2.58076	2.55224	0.0
1269144000	2.57457	2.56146	2.5798	2.55625	0.0
1269147600	2.56146	2.53192	2.56185	2.53153	0.0
1269151200	2.53192	2.55463	2.56739	2.51927	0.0
1269154800	2.55463	2.54177	2.5592	2.53722	0.0
1269158400	2.54177	2.58053	2.5936	2.5289	0.0
1269162000	2.58053	2.55368	2.58505	2.54921	0.0
1269165600	2.55368	2.58699	2.59183	2.5489	0.0
1269169200	2.58699	2.50382	2.58925	2.50162	0.0
1269172800	2.50382	2.48495	2.51021	2.4786	0.0
1269176400	2.48495	2.48411	2.4966	2.47245	0.0
1269180000	2.48411	2.4399	2.49343	2.43074	0.0
1269183600	2.4399	2.40753	2.44525	2.40226	0.0
1269187200	2.40753	2.35658	2.42171	2.3427	0.0
1269190800	2.35658	2.38644	2.41508	2.3283	0.0
1269194400	2.38644	2.42093	2.42778	2.37969	0.0
1269198000	2.42093	2.38303	2.44821	2.35617	0.0
1269201600	2.38303	2.41607	2.41738	2.38174	0.0
1269205200	2.41607	2.45665	2.46615	2.40673	0.0
1269208800	2.45665	2.41387	2.45866	2.41189	0.0
1269212400	2.41387	2.41184	2.42845	2.39727	0.0
1269216000	2.41184	2.39239	2.41322	2.39102	0.0
1269219600	2.39239	2.4317	2.43729	2.3869	0.0
1269223200	2.4317	2.43346	2.43933	2.42583	0.0
1269226800	2.43346	2.45168	2.45827	2.42692	0.0
1269230400	2.45168	2.44689	2.4569	2.44167	0.0
1269234000	2.44689	2.37409	2.4564	2.36486	0.0
1269237600	2.37409	2.33424	2.38678	2.32176	0.0
1269241200	2.33424	2.35655	2.36748	2.32341	0.0
1269244800	2.35655	2.29829	2.3671	2.288	0.0
1269248400	2.29829	2.30308	2.31457	2.28683	0.0
1269252000	2.30308	2.27721	2.31092	2.26945	0.0
1269255600	2.27721	2.25659	2.2987	2.23529	0.0
1269259200	2.25659	2.27474	2.28442	2.24698	0.0
1269262800	2.27474	2.29431	2.31363	2.25558	0.0
1269266400	2.29431	2.29502	2.30305	2.28628	0.0
1269270000	2.29502	2.28581	2.32316	2.25778	0.0
1269273600	2.28581	2.26771	2.29229	2.26128	0.0
1269277200	2.26771	2.25773	2.27016	2.25529	0.0
1269280800	2.25773	2.26758	2.29383	2.2316	0.0
1269284400	2.26758	2.27866	2.28699	2.25929	0.0
1269288000	2.27866	2.28223	2.30089	2.26003	0.0
1269291600	2.28223	2.29357	2.30094	2.2749	0.0
1269295200	2.29357	2.30067	2.3012	2.29304	0.0
1269298800	2.30067	2.32817	2.33027	2.29859	0.0
1269302400	2.32817	2.31501	2.34113	2.30211	0.0
1269306000	2.31501	2.32433	2.32678	2.31256	0.0
1269309600	2.32433	2.37141	2.37475	2.32106	0.0
1269313200	2.37141	2.37832	2.38429	2.36546	0.0
1269316800	2.37832	2.37111	2.38338	2.36606	0.0
1269320400	2.37111	2.31118	2.3828	2.29979	0.0
1269324000	2.31118	2.32555	2.33795	2.29885	0.0
1269327600	2.32555	2.30097	2.33837	2.28828	0.0
1269331200	2.30097	2.27695	2.34246	2.23588	0.0
1269334800	2.27695	2.26901	2.28703	2.25896	0.0
1269338400	2.26901	2.28486	2.28544	2.26844	0.0
1269342000	2.28486	2.25718	2.28658	2.25549	0.0
1269345600	2.25718	2.26608	2.27464	2.24866	0.0
1269349200	2.26608	2.28718	2.29224	2.26106	0.0
1269352800	2.28718	2.31609	2.32956	2.27388	0.0
1269356400	2.31609	2.30652	2.31965	2.30297	0.0
1269360000	2.30652	2.28429	2.33137	2.25968	0.0
1269363600	2.28429	2.22649	2.30507	2.20624	0.0
1269367200	2.22649	2.15751	2.22879	2.15528	0.0
1269370800	2.15751	2.16593	2.1767	2.14678	0.0
1269374400	2.16593	2.17531	2.20546	2.13591	0.0
1269378000	2.17531	2.17026	2.18286	2.16273	0.0
1269381600	2.17026	2.15949	2.17904	2.15075	0.0
1269385200	2.15949	2.1338	2.16077	2.13254	0.0
1269388800	2.1338	2.12853	2.14847	2.1139	0.0
1269392400	2.12853	2.12119	2.15681	2.09301	0.0
1269396000	2.12119	2.12235	2.13398	2.10957	0.0
1269399600	2.12235	2.11962	2.13291	2.10908	0.0
1269403200	2.11962	2.11841	2.13164	2.10641	0.0
1269406800	2.11841	2.0995	2.13206	2.08597	0.0
1269410400	2.0995	2.05331	2.11214	2.04094	0.0
1269414000	2.05331	2.08494	2.09222	2.04614	0.0
1269417600	2.08494	2.09398	2.09512	2.08381	0.0
1269421200	2.09398	2.08191	2.10209	2.07385	0.0
1269424800	2.08191	2.04754	2.08721	2.04234	0.0
1269428400	2.04754	2.04203	2.0558	2.0338	0.0
1269432000	2.04203	2.04674	2.06073	2.02807	0.0
1269435600	2.04674	2.02117	2.05701	2.01103	0.0
1269439200	2.02117	2.00932	2.03276	1.99779	0.0
1269442800	2.00932	2.00915	2.01553	2.00294	0.0
1269446400	2.00915	2.01727	2.03651	1.98999	0.0
1269450000	2.01727	2.01174	2.04068	1.9884	0.0
1269453600	2.01174	1.99196	2.01334	1.99038	0.0
1269457200	1.99196	1.94649	1.99517	1.94336	0.0
1269460800	1.94649	1.94603	1.95375	1.93878	0.0
1269464400	1.94603	1.95991	1.96663	1.93936	0.0
1269468000	1.95991	1.99488	1.99794	1.95689	0.0
1269471600	1.99488	1.97888	2.00154	1.97227	0.0
1269475200	1.97888	2.00391	2.0063	1.97652	0.0
1269478800	2.00391	2.00083	2.00804	1.9967	0.0
1269482400	2.00083	2.04261	2.04896	1.99461	0.0
1269486000	2.04261	2.02862	2.0456	2.02565	0.0
1269489600	2.02862	2.07285	2.08161	2.02005	0.0
1269493200	2.07285	1.98138	2.07987	1.97467	0.0
1269496800	1.98138	1.94812	2.00512	1.92478	0.0
1269500400	1.94812	1.96529	1.98454	1.92905	0.0
1269504000	1.96529	1.98388	1.9893	1.95991	0.0
1269507600	1.98388	2.01421	2.01966	1.97851	0.0
1269511200	2.01421	2.0011	2.01428	2.00103	0.0
1269514800	2.0011	2.03254	2.0401	1.99366	0.0
1269518400	2.03254	2.05354	2.05572	2.03039	0.0
1269522000	2.05354	2.06686	2.08192	2.03858	0.0
1269525600	2.06686	2.04423	2.08015	2.03109	0.0
1269529200	2.04423	2.05266	2.05619	2.04072	0.0
1269532800	2.05266	2.03433	2.05627	2.03075	0.0
1269536400	2.03433	2.07314	2.07414	2.03335	0.0
1269540000	2.07314	2.05608	2.09164	2.03774	0.0
1269543600	2.05608	2.09722	2.09804	2.05528	0.0
1269547200	2.09722	2.09543	2.10175	2.09091	0.0
1269550800	2.09543	2.10382	2.11773	2.08159	0.0
1269554400	2.10382	2.08993	2.10753	2.08624	0.0
1269558000	2.08993	2.11435	2.13666	2.06788	0.0
1269561600	2.11435	2.12687	2.14182	2.09948	0.0
1269565200	2.12687	2.13596	2.15028	2.11262	0.0
1269568800	2.13596	2.13392	2.14711	2.12279	0.0
1269572400	2.13392	2.13497	2.14117	2.12773	0.0
1269576000	2.13497	2.11111	2.15537	2.09094	0.0
1269579600	2.11111	2.11938	2.12606	2.10445	0.0
1269583200	2.11938	2.08007	2.13844	2.06137	0.0
1269586800	2.08007	2.14028	2.14395	2.07651	0.0
1269590400	2.14028	2.17278	2.18529	2.12796	0.0
1269594000	2.17278	2.18417	2.1883	2.16868	0.0
1269597600	2.18417	2.16592	2.20972	2.14059	0.0
1269601200	2.16592	2.11735	2.19352	2.09036	0.0
1269604800	2.11735	2.10421	2.12285	2.09874	0.0
1269608400	2.10421	2.10253	2.10541	2.10133	0.0
1269612000	2.10253	2.12738	2.13056	2.09938	0.0
1269615600	2.12738	2.10146	2.13186	2.09703	0.0
1269619200	2.10146	2.09054	2.1209	2.0712	0.0
1269622800	2.09054	2.07497	2.09974	2.06583	0.0
1269626400	2.07497	2.04597	2.07867	2.04233	0.0
1269630000	2.04597	2.04762	2.05357	2.04003	0.0
1269633600	2.04762	2.04132	2.05359	2.03537	0.0
1269637200	2.04132	2.08368	2.09669	2.02858	0.0
1269640800	2.08368	2.06371	2.09087	2.05659	0.0
1269644400	2.06371	2.10529	2.12427	2.0451	0.0
1269648000	2.10529	2.10119	2.10806	2.09842	0.0
1269651600	2.10119	2.09962	2.11668	2.08414	0.0
1269655200	2.09962	2.13353	2.1419	2.09138	0.0
1269658800	2.13353	2.12222	2.14227	2.11353	0.0
1269662400	2.12222	2.09052	2.12258	2.09016	0.0
1269666000	2.09052	2.08631	2.09542	2.08142	0.0
1269669600	2.08631	2.12741	2.14031	2.07365	0.0
1269673200	2.12741	2.15349	2.15942	2.12155	0.0
1269676800	2.15349	2.16675	2.1768	2.14351	0.0
1269680400	2.16675	2.21594	2.21767	2.16506	0.0
1269684000	2.21594	2.22273	2.24157	2.19715	0.0
1269687600	2.22273	2.2304	2.23121	2.22192	0.0
1269691200	2.2304	2.2287	2.24099	2.21813	0.0
1269694800	2.2287	2.20871	2.23875	2.19875	0.0
1269698400	2.20871	2.18026	2.22571	2.16348	0.0
1269702000	2.18026	2.16649	2.18079	2.16597	0.0
1269705600	2.16649	2.14603	2.19295	2.11982	0.0
1269709200	2.14603	2.10553	2.15453	2.0972	0.0
1269712800	2.10553	2.1195	2.134	2.09112	0.0
1269716400	2.1195	2.1111	2.13693	2.09373	0.0
1269720000	2.1111	2.10239	2.11355	2.09995	0.0
1269723600	2.10239	2.0869	2.11601	2.07338	0.0
1269727200	2.0869	2.12444	2.1364	2.07516	0.0
1269730800	2.12444	2.14556	2.15763	2.11249	0.0
1269734400	2.14556	2.14011	2.15032	2.13536	0.0
1269738000	2.14011	2.14528	2.1474	2.138	0.0
1269741600	2.14528	2.12516	2.14633	2.12413	0.0
1269745200	2.12516	2.13841	2.13857	2.125	0.0
1269748800	2.13841	2.10922	2.14436	2.10334	0.0
1269752400	2.10922	2.1429	2.14347	2.10866	0.0
1269756000	2.1429	2.16217	2.19243	2.1129	0.0
1269759600	2.16217	2.16104	2.16627	2.15694	0.0
1269763200	2.16104	2.14537	2.17013	2.13635	0.0
1269766800	2.14537	2.14848	2.16622	2.12765	0.0
1269770400	2.14848	2.11868	2.1523	2.11491	0.0
1269774000	2.11868	2.10719	2.11942	2.10646	0.0
1269777600	2.10719	2.08229	2.11073	2.0788	0.0
1269781200	2.08229	2.11932	2.12401	2.07769	0.0
1269784800	2.11932	2.09894	2.12823	2.09012	0.0
1269788400	2.09894	2.04663	2.11542	2.03056	0.0
1269792000	2.04663	1.99052	2.06157	1.97599	0.0
1269795600	1.99052	1.98273	1.99169	1.98157	0.0
1269799200	1.98273	1.96059	1.99111	1.95231	0.0
1269802800	1.96059	1.97987	2.00056	1.94011	0.0
1269806400	1.97987	1.95167	1.9806	1.95095	0.0
1269810000	1.95167	1.93757	1.96336	1.92596	0.0
1269813600	1.93757	1.93623	1.95681	1.91701	0.0
1269817200	1.93623	1.91378	1.94162	1.90845	0.0
1269820800	1.91378	1.86272	1.92002	1.85665	0.0
1269824400	1.86272	1.874	1.87606	1.86068	0.0
1269828000	1.874	1.92235	1.93537	1.86131	0.0
1269831600	1.92235	1.91944	1.92952	1.91228	0.0
1269835200	1.91944	1.94291	1.94499	1.91738	0.0
1269838800	1.94291	1.96116	1.9666	1.93752	0.0
1269842400	1.96116	1.97656	1.97755	1.96018	0.0
1269846000	1.97656	1.9722	1.97827	1.9705	0.0
1269849600	1.9722	2.00916	2.01493	1.96653	0.0
1269853200	2.00916	2.00514	2.0312	1.98314	0.0
1269856800	2.00514	1.96246	2.01408	1.95371	0.0
1269860400	1.96246	2.00113	2.01022	1.95354	0.0
1269864000	2.00113	1.9773	2.02231	1.95638	0.0
1269867600	1.9773	1.98821	1.99513	1.97042	0.0
1269871200	1.98821	1.98393	2.00356	1.96861	0.0
1269874800	1.98393	1.94255	1.99026	1.93636	0.0
1269878400	1.94255	1.91958	1.95001	1.9122	0.0
1269882000	1.91958	1.91215	1.9299	1.90187	0.0
1269885600	1.91215	1.90732	1.91537	1.90411	0.0
1269889200	1.90732	1.91827	1.92362	1.90199	0.0
1269892800	1.91827	1.94481	1.95956	1.90371	0.0
1269896400	1.94481	1.93955	1.95184	1.93254	0.0
1269900000	1.93955	1.9006	1.94847	1.89186	0.0
1269903600	1.9006	1.88717	1.90296	1.88483	0.0
1269907200	1.88717	1.93549	1.94567	1.87725	0.0
1269910800	1.93549	1.95186	1.95727	1.93012	0.0
1269914400	1.95186	1.9386	1.95472	1.93577	0.0
1269918000	1.9386	1.9417	1.94628	1.93403	0.0
1269921600	1.9417	1.92699	1.94281	1.9259	0.0
1269925200	1.92699	1.89012	1.93282	1.88439	0.0
1269928800	1.89012	1.92251	1.93067	1.88209	0.0
1269932400	1.92251	1.91205	1.93515	1.89947	0.0
1269936000	1.91205	1.91369	1.91583	1.90991	0.0
1269939600	1.91369	1.90521	1.93472	1.88427	0.0
1269943200	1.90521	1.89123	1.90544	1.891	0.0
1269946800	1.89123	1.87511	1.90554	1.86093	0.0
1269950400	1.87511	1.88742	1.88772	1.87482	0.0
1269954000	1.88742	1.90407	1.91656	1.87504	0.0
1269957600	1.90407	1.92389	1.92673	1.90125	0.0
1269961200	1.92389	1.91554	1.92549	1.91394	0.0
1269964800	1.91554	1.91663	1.92408	1.90809	0.0
1269968400	1.91663	1.9378	1.95202	1.90256	0.0
1269972000	1.9378	1.93605	1.97531	1.89858	0.0
1269975600	1.93605	1.94231	1.96124	1.91718	0.0
1269979200	1.94231	1.93361	1.94457	1.93136	0.0
1269982800	1.93361	1.92686	1.94512	1.91539	0.0
1269986400	1.92686	1.89789	1.92967	1.89512	0.0
1269990000	1.89789	1.9099	1.92137	1.88649	0.0
1269993600	1.9099	1.91777	1.93328	1.89445	0.0
1269997200	1.91777	1.92656	1.92727	1.91707	0.0
1270000800	1.92656	1.91141	1.93846	1.89961	0.0
1270004400	1.91141	1.91935	1.91969	1.91107	0.0
1270008000	1.91935	1.90673	1.92691	1.89922	0.0
1270011600	1.90673	1.90785	1.91293	1.90166	0.0
1270015200	1.90785	1.90301	1.92052	1.89037	0.0
1270018800	1.90301	1.91199	1.9225	1.89254	0.0
1270022400	1.91199	1.9006	1.92984	1.88286	0.0
1270026000	1.9006	1.89942	1.90906	1.89096	0.0
1270029600	1.89942	1.90594	1.908	1.89736	0.0
1270033200	1.90594	1.89833	1.91154	1.89275	0.0
1270036800	1.89833	1.89625	1.90156	1.89302	0.0
1270040400	1.89625	1.85131	1.90089	1.84678	0.0
1270044000	1.85131	1.85126	1.86498	1.83759	0.0
1270047600	1.85126	1.83316	1.8641	1.82045	0.0
1270051200	1.83316	1.80613	1.83505	1.80426	0.0
1270054800	1.80613	1.81899	1.82629	1.79888	0.0
1270058400	1.81899	1.78322	1.82178	1.7805	0.0
1270062000	1.78322	1.80618	1.80877	1.78066	0.0
1270065600	1.80618	1.79935	1.80943	1.79611	0.0
1270069200	1.79935	1.79585	1.80411	1.7911	0.0
1270072800	1.79585	1.80201	1.81077	1.78711	0.0
1270076400	1.80201	1.82105	1.84532	1.77799	0.0
1270080000	1.82105	1.81978	1.82491	1.81593	0.0
